wallet;mintlimit
inj19vxdeasqec9k5023088k9w3whh3uk6rzl4sl6e;10
inj1t28hs495kyrkruxm5fd2p2wxs54qewn2tmj6qk;10
inj1j4293pskxyra0cflydyuku3yeyfpthyqqklr3m;10
inj19xr3gvan3pa3dhku0vh7cwlk7wzry0kprch7tl;10
inj1slm73r5kvr6m7ddl39ujm9q67dan6vf3y5lehd;10
inj15t9zxdp85j0t8zlgqane82xmkh30l6j7wrtn82;10
inj17a4j5zwa3e87kmr6j5j5e2f9mgthcwffnnutem;10
inj17ufml4r8qgqk69g7awmy585aqpk3xnmqyl3lv5;10
inj1hz2czkm4s4sf0zd98n9puqq6gwlev3p2z8na4k;10
inj1t2nchupjta2hs8kz6ymzz2u789hzgk8e9h6drg;10
inj1s0ah7yl8pz5dll07wk873mxe58skh6t4je9x3e;10
inj1n7aph65yevaqu996l6hxcvtjjwtx0hw56e54ff;10
inj1esf0m4ctly8dhmmjvafslnm3ezk33yfzj6sx84;10
inj17sa7374jzvkm24yap2h0ae8zhnst38r9vkpmxc;10
inj1myrdn6k9547rf20406qpvexu5e6h0ultcde6gn;10
inj19p2zjal33dpd8h9nwav3khagu353f7jfzxj0ur;10
inj1tud3z9t6vm4t67mdx5n3mspuayczjd89ttxyca;10
inj1q8uk2ycqqxy0y4ceukgsn0xr472mxpcf0h2rg5;10
inj19k277mfv8npy79mhuscz27k9e3phklgwxneeex;10
inj109ncvmwfhcwqmz746u8ff47vz46wz6x4m65lxh;10
inj13pnq8nt2c2c8hd9s6acueqyv7cdldvlk9xasw3;10
inj14ck8m2kjnyv23da3zak6jhasdu099l3n6aq939;10
inj1przr3rtdms5xams7nfnegsx5re92jp72kg2ufz;10
inj1qcn2ec6yw9p7zwg7pfzzla7slatjw7k8ke8nzg;10
inj17wgslu4h7gzcrhwyxuzxlwxzyahz6kqajyl0yj;10
inj1jg23daep2739uxe8hcenvu7phklymcnn6gnesn;10
inj1u8zcv39xjnrhvtv8ejgd0g4gu9cluy8p0h9jfu;10
inj15p99sfnfu5af4v4num02luzatmdjyevpse6deu;10
inj1ulccvk8mhczrm0fespnpe7g8zv0sevjjl6mlj8;10
inj1p66hq3csfge0pgtnzfz5p5hztsnvuhfrd39cct;10
inj1kzent6uxj3ln0q6yg8mq2dvsp82zn649t9kda5;10
inj13s0z7acxvmaengrd553mpfy0u79we0t2uc5v54;10
inj1mxzdum3hc4gztj8as2k4w8ztp2pte80xq7qewe;10
inj1t6jlsdf3gvsgmvyf3tjspjqxtsyr2a2crhmyt3;10
inj13hmtupml5k4376hrwjhvcsagchw307uemkycs9;10
inj10uen9k593sll79n9egwh80t09enk7gsaqqehuh;10
inj1r0deetgrlmzfrh3lhkvwd3vemjsatkzdjmgm8a;10
inj15nl79ku8d6kaq43as4en2xxxwp6flmx9w67d9c;10
inj1r08ely9y263wxsuydel5g0n5cerk7swv73axgp;10
inj1vx6rzqlvfvkm2taeae498lrchylykjr039yej5;10
inj13dp5fxm4253ppxhxphqnt42ez2v5ux0gs20vj2;10
inj1heaz8sxwq8c2utahnh02n8kx9tyy0399anszty;10
inj1gtp3c44qzxuczeng2hmk0w3ljldpapsteyd62w;10
inj1ze86wvau8xn7grcncjlj6qfnyv8u0lfy3aaq3p;10
inj1zaghx0ex6v6qzjfg9ldzv8kvldqln5p8hv8kv8;10
inj17xs3zc4he8e3lh2m98kpummyt7jd3lnesnerst;10
inj14j37pd030u04m65yvsa4k8zhs6ulwznwv0rxrf;10
inj1kp3t6pq03s4earx6agndy952zprxdw4qs39t2z;10
inj1l4fht5n346svtq5w6gn8d3jagndwqw4q38nap3;10
inj19ae8pmcexqnvq58xmxc4025cvv28l8dtra0yka;10
inj1mgv7ewnt8je6vvgh3crzvmxevs7wjf40u4s5sj;10
inj1zu7uucsf7wp3aztnffwd899lxs9vzy08e48lu5;10
inj19v962e5ft0z0fx08ktcp2e8jns7sulhqzfcamq;10
inj1zrl9zfqh04xhz7z48497vq028f0yrnu7u94c75;10
inj1slgwjwjqat552r6qe2mk3s7thpsrrnd73mvsr0;10
inj1qcdtu9046a4rscu23rct40qmtusqrrdglmux7k;10
inj19vef8jspqvpafk2s4zgvcna4kufv0pskmalfqw;10
inj1xfgu0c7gmnkxnpz68436adcddy2220xcwjcjnf;10
inj1qyeua2ljwk7ek8twgpxcmwey2nqjft9al5lasg;10
inj1k9hde84nufwmzq0wf6xs4jysll60fy6hd72ws2;10
inj1s34xlmvh5v3cedr5mzlvsley5yfr6pzm84qr5m;10
inj16hwxztwr2qwreksfze3puxpca64czgfp35zl3e;10
inj1sw22re8g0d6kmrdu46vzdlpresr3pgg23xfp7d;10
inj1gww0sqcpn8a33d2aupj40q4lgw7am22xcduzvc;10
inj1tk9zpjg9le6z0j86raf002auc2gelvjqc0zvru;10
inj14y5a4n0gya434khngxlgka0hh6w4egmgz8cayy;10
inj1ypq23x2gg9vne30mducsn0lyf8kljzfeprcuhv;10
inj12zd60a9lytu43l6av7pw6zjrq44vuu6ujnkvnn;10
inj1aj8edzhkxhjprcxgvuvp3dpkrwcs7nxw76kkrh;10
inj1xw3pfmtmf3sdl6n32zdavp4nadgjvt9j369e30;10
inj1du0tgsmdctv97vdh7amcqf0j5df04c72u9d5l8;10
inj1v4q68h9an2mwq7eex0as8v2t36cp4c7ewwzrl2;10
inj1gzc56w2ucdww5zu20u6c4tr469g9nf6yr8rszl;10
inj1368zcv3c8p85cr6q7lg272203cv8zv66r44pps;10
inj1a5kfs4gy0ry9jazg5lst3k9a904fl2z2rrylsa;10
inj1065vpj436j3m2ykjq9mfgrpqgcw39dumszalam;10
inj1can0t5x9caa3qap58whhgz8fjc8lqwksnw0lvf;10
inj1ezcrj6y20y6cwfhfk9ne5ddk96ksxm2ewemyxr;10
inj1as5s2z890rqrcf9zllaxwf2c4ntlllxa3yy00z;10
inj174c303huvlk3rvah84dv9vkf2ta5vx6uy52ckd;10
inj1zcdu7g9je3xs5fuvn4n963c0xdgg8ltllm40ch;10
inj15adxxf253asexpuf6qnsx6d68u9vzymsdxn65t;10
inj1su0dzd0t9aq4j6ff4wurm439x3hw2z2m79y7fg;10
inj1qdn3wt9fp8kxzy54lmhyuzneemc5te05tem755;10
inj1p707t5ns40al2gcdm6p4ju96mmmqz7kdya5mes;10
inj1rajqewpnt7r528cuf7ptzml3td8zkp03qru7qx;10
inj1e9570z5a7a0nktyzujcf8c5wspt26xzyrfundl;10
inj1tvnnufasrtjafe2203hk0my20w5ew74lvne00u;10
inj1lwlhvnmg75fxyt5gu3upv9trlgwtnvqsdq0cfd;10
inj10869vf4gnara8eylulyu7f8n230c2fkr9ss66t;10
inj1vnsq553pphnpggqe4he6eyuec2fg7he3c3p2x7;10
inj1ajtm90l5yezdl6klmf33sld7svgwwxg0gve3up;10
inj1zgrjmn0ak8w566fvruttuzu22lyuqgm0gwtn6x;10
inj1zjqtphq5xvjzx4jhq5fksr786kjemszuuge8mn;10
inj1padd4083stw7ek8m69pd9pdpzsfrt9tq4d46de;10
inj1x9wlssqexc0rdrkrekeauduy6uf0uqcj3x6805;10
inj1hg8spafmrfhw0lz9vn2j95qcrfc56n9qtejt64;10
inj140gyyv8wft7snty8cw3mkwuc6sdcg7g6u9h6j0;10
inj1pdyvcwuflp72p44gga6ym5emv6yevjwt8s8e6y;10
inj1g96q9tczkc6w8jpfhdyxpj73rcq7fa5w3sygzf;10
inj1w4n9h9u499x8s38cfwk9veqgntmh8hcexct4x3;10
inj1jzj3cx2nkx84megfr7z7mcfa6k6e9dunqr5eqh;10
inj1407rw58wq2849xfe3twjdhd37emjaqczz2rpqa;10
inj109yykmrcru05yhx85extea4rrjmacffsgs7l3m;10
inj1vdvr0saht5erprz45psrffymy30n0629fex9kl;10
inj1qwq76vkuhd84vk4nfsympq5mhx3rv2xjana79z;10
inj19jall52pey7446wk9dntlmfay654m3hnkvw4kh;10
inj1ss8wdgumnxsw2s4m8fz6t0fsxa4tgpkv4e2ty2;10
inj1373ufppt8df0p6sughm8gwxentg70470ahj7fx;10
inj1nzjd7ale0z4psses7cz6gdmfkwrhpe9d2wef38;10
inj1lvkdzk6rwsemjmlgd63hdmjfqxuv0twts20mh4;10
inj1ustncxshgjr3dw37rg7a55a7hzefnjqcmn2qd5;10
inj19w7rnv2usvrh8lpl855n9z44fkymnx6kjcahmw;10
inj12ghjvnl3xuws3flcdgusz5p32mmlpykx7zac82;10
inj16m3jnge9d5s5r2kqv20pa4qgyevsp99guxgqtr;10
inj1exhm585m8a9hztt5stqlp8lw08lm80v00aqlt0;10
inj1vfmycdeshyd9q9g5wsxst6s3rqahtufjs2n8e7;10
inj1jz4hqnnwh0l4fh8nnpe9unhtw3fv633ykan2nl;10
inj1qtc04e2gkcfeuzucdx843gefz8xl0dlfs05pfe;10
inj1dher053e2ks4gvwhwxdt2tql57z2nxl48vlzmw;10
inj1cd4mnly86e25lz6ruvewl7g4t04jkrn9344mer;10
inj1mmn3lqt5eahuu7cmpcjme6lj0xhjlhj3qj4fhh;10
inj129r84gs42vmz258sdvqr6hvwxnnrx70zzs2kvc;10
inj13x7079pfazry7txrmt6k86qugtkrs4e4rprsan;10
inj14qmf7fzucrdg672l8xhk9ch5wk6la0au6uw965;10
inj1dnef7m4zw6x6wzh3a2v5pk2c0e968zqqhuzuy4;10
inj1xuc09630snjnhwcw0qnqr74rq8vmrjkqx7g0vy;10
inj1zx3q80v28zt64gx87hqkwxesygxp554yujedm5;10
inj12mzx0etwql8u9943wchqmnvsnwdwkfz0cq9ua9;10
inj1szqcmjn45r6htps2qux3fpyz3te9sxkc5yehtp;10
inj1f2uzt40fkp3es8wvnwl2ekt94grp9z3z49h3ln;10
inj159ncc96mescrkwz8vtgsghewf3z8uql6r663qf;10
inj1kcw9qs2cwt0xxwpaxdc4md5s3vfxqvteqj0hg0;10
inj1knswfh228qvkmlx66klpt88w4f899ttf02elsg;10
inj1kyd492642upyfk2tm4lypjufhe04f62xktuu44;10
inj1l4jzm8fvwrn0qfkdxurkp3xgt6p5svy4yfp2wd;10
inj1450s308qaw6v057krgr37tmmsl3cs3pkw0cxqn;10
inj176tfz7dt2hl0j6cdvjcjy6u0h0q7l60mvs36gy;10
inj1lh9rph3acz4x968xx3cchflhcukm8wqgs8xsl0;10
inj1h6zlus2tfez0ejweytj66e8rtwyyglaktazeze;10
inj159zkpvl3swfdw4c33fa4rgml43ehdf4zlcxe2q;10
inj1zfmt2qaxsxzdhqwfknee8jswdgtevcze3rs080;10
inj1grgutwrf87vd2xqy5u2ejn9fkpqmkrx20cgmgs;10
inj1yhzfmq7sxd9vddx2yyu9guae9l8khl9j9nxh9y;10
inj1myr2nf8ygqkw7jegvtf56l3wusd0v0j2d6w7uy;10
inj1wkgcmsqet5gefmd3xgupmaf0g0vz7jdtgzp545;10
inj1zxmtj9j44ydlgmrcv8m3s47yp5fgrvye6wtwna;10
inj1xke049kd95y9g5nvuaxc38hd8qwwzhpq3k0d96;10
inj13uv5mx5l4mgql265k8mxkvyktp2rq8tjszxqkp;10
inj17r9ue7fd3pv7uyed0jpsckvr5k4xpzr3ph7ea3;10
inj1qltxarjh9ya7n72pegsjwfnnj7g20r3hr3c9vu;10
inj1etwkwrz7qrw3ce8dutfuv54jmcjavtcy9u4h34;10
inj19rhkdn23w7zdp2xfydk9l6pumkujz5p8hq0qdj;10
inj1twatjkmcm6q9yv8kndqu2j8j8qtsr2u9u9ug4k;10
inj1223xnganh32veetv8fexsrndurwpgpupja2r7e;10
inj1m6n4vglplfnk0khl6hhkl0n37ff44fvxngz3cx;10
inj1nef5lhuw8kf5rpsmetu7ygdl07yf0tt9vynu3f;10
inj1pljtxr8pmshgkg2767wz3jagmmw4ma8fgms8pv;10
inj1qf9gjq3xhtd92ncwujd9z5q5rdh5nk8pj7r8mz;10
inj173h0js2v6928azphv8z5ewvnjpsdqh86vejjxk;10
inj1w2vvnfny4ge8y6kvn7ez2x4rnm5zfdnuncq75d;10
inj1fxcqm4erk6e9v72e68mtfd8hcffwmdjzjrpxdl;10
inj1pdc8ym659cznvawmd6fvdzzqcts86d4jtd0cn6;10
inj183m4fxz7jc3vp37kx0ecumgh90v7qp5a73xmvk;10
inj1397qcec52ux3nthf5xh8tzgftguyfxgku8q8fk;10
inj1mt6mlkxqxktzx6z7kqsvk0u6z7emsfdcd32ygk;10
inj1mpnar0qq8vagm4yxle46c8y52kqamr3std7p6k;10
inj1jfud5nj9clkalyq25kte5ecwxndwtapr59282m;10
inj162dqkc8ydm5prc7rsx77th6k4gtdqwlgvuyxyc;10
inj1lqn0jsngdwynalxh6a5n9jzhuqgup0ftw9xpps;10
inj1hgkm0sz6erp9fhnuauy5sq43nprfxqfvy7tze3;10
inj16eww8dt4qz8vmrq2q4u0y784rjcp2w88m90cs9;10
inj156juw3r97kcmrv83gdhp3d5m2klwkp024y0e68;10
inj197d0uy5wv4mdkqct7uyxc8ly3dv5ung8y2cg23;10
inj1wwhlz2umft9esa5jp9n6524ksldnr4hfd3a9x3;10
inj1yqmy0jewuajxgtsxugnq4jks4g7y7l2z45ngu8;10
inj1y98cq5xnlku7cj80nwgrpp2svkly4vvklvct0g;10
inj1wq53kf9el52hdlxppddvqk32qsle9umsax4etw;10
inj1vpmx7yhxmxawxke0nq6p2j7zulhmf0s4pvpv8r;10
inj1zrpzykdc59y46jy9726aa09nx0q7l3yuapwnh7;10
inj15jp5avhd59awknte5888jdcme3l4exmyva0c96;10
inj1n4q0yqs64cx5hr3hta2s96894kkcu8jywaqsd3;10
inj1y2q0dk24s6yu748x9vjrdcvx8568gzmn7fdt3k;10
inj1gtv4lgxnpxyzr6q7g420e9utwlha0dkaalsse0;10
inj1es23ed6va03m5h6cwnqsfe0yrakc69en3mkj52;10
inj188yc09z9nxkwe2censagcr7q33ywmae5dxztx2;10
inj1gxp8judpk6pkpypwc3zz87f6c3rhe434vu99rv;10
inj1vrlxtpy40x4t58ldqm34q96lkyx3m9h5ykky9w;10
inj162yayl7zj7dhhtl3qdrulgaxpcspwqhmgugsfz;10
inj1jn3y639aqcknt0lhtn8hg4tex80dk5r5xg7l80;10
inj1xgqlnwgd4c96zvn3n07qqac5hlnl5082xucp2m;10
inj1xn74s4qf4a3nlnct8yhc8ehd6px5ja8wxkd34x;10
inj1xc69fpv7uvt9vccrcv3mxqwd0n8sg3fncsrall;10
inj1v09v9srrkxknst4fw6u9xanlwlx9rr7cxc549t;10
inj1auzwfwz99dxd8tsnr2ypx3zy4qm8dudwhk4mq0;10
inj1qfzkjl8602fulsyaf9hjmtluc4k3ftr0c5cfqt;10
inj1megcsx2l244h9kelexfzn6jjhudxlwzczr2j87;10
inj1zmgul6tdlafwkt0x2vru0eg02autmhfw6e0fpj;10
inj13y3ggd259mfftzyzya4zsjfgamtlglj5623dc0;10
inj13ylg42fwllmc6wu2nkxk9uxqzdrlkg9rhjp52e;10
inj1m48lr023g4wamvjx6aru2xh6cwaym3e2d25gxl;10
inj1rxugkxekhahnzrlau7w4lntw94ue7a347t8yh5;10
inj10lpvskrs7thqtwmpay6px5s0xtrx678psz4037;10
inj1ns4tquz0z7h2dag23u927tuj2p3rvxlz2psnm6;10
inj1tj7zrc2faqfp95efpkf5updz2see3dt2y5wcgk;10
inj1ka6lzngl663wxfld9fhtj6hs5r4vgdr85vll67;10
inj18r5dynls28mhpyykqzv08w7m7tmnlyz7jf4g89;10
inj1x2cenrd9vy2q652uh03nw7qzct0n4agaggwuqz;10
inj109e2cdt8spd2v3m5nwsu0kskez54s3qqlexgc6;10
inj16nsrvas2xx09lrvy8gmfdlw3asg5tg9te3x6cf;10
inj1n6m27lhga9m2zae7fvdq04r090jv47c32zz2qa;10
inj18pm2hk2aa9qpna4tnf9aun5euym0ww7jhh7fxh;10
inj1vxj9qlhzyw5k7uzanklf5z436k373fnqm743zt;10
inj1ycyjuk0pm0k25v2939ef333s4fv5grng4wcr8f;10
inj159urevyq7fz8mpnqvsshhplegeaxf2p8tu32cj;10
inj1mflpcxkrvrw2u9ejj5tk3hf2tacpcfr7555vsy;10
inj1lmaea4fne346jkyjxqehlra2858qlxke8lrze2;10
inj1t4ey57re0yzjxjgwg56xt3csgrnatge4k7u640;10
inj1rcfc8te3q0pvz5w07hyrh4s5sdzjvtuerk850e;10
inj18u9x935h62r20a0vnpqej2cmv56fc09l76jfpp;10
inj1z98a9pwfsahllrqdwkvhnl7z20nfg0lzjj54yd;10
inj14v45h9zsm55zyfnmukqmv9uk8qu0lmctechysc;10
inj1t0j45z4lhk4gm6cjj0g5lhsgv8ldldpkwd202z;10
inj1yh48zla9fx3ya922hs93fw67hdlhqap7xspfmt;10
inj1vc6gdrn5ta9h9danl5g0sl3wjwxqfeq6wj2rtm;10
inj1ce2zld8724aepsh3s4ua6tgtup2ya4ss36mwec;10
inj19crzzm3f354wr98anw3eern3hnayxnjsjw5tf3;10
inj1mfsvvug68lpadujf53ndzjk82s20tj6fhwpyw5;10
inj1vlakjwfvt94g0lu2u53s967keg4zu65chr5gnn;10
inj10vzcejv2he3tjervdar8jsj7znnh3prnf9ut02;10
inj1wpr8gdp2mwuqz28jxpnpyr6qe4ffqfmzml2g8v;10
inj1wk28ceks2r3qnrlqlgvzkkfc4wrc3na76l8vlw;10
inj1588c7m9nu9r92y3q2nxszqqe8l82regxsj6u6q;10
inj1ydy4r2q69xddv8lf4z683lshjw4teexqzxekmr;10
inj1grdvu98kyv0f8ydldxdqvnvmlzjd442vklw370;10
inj1jzfeerrd8nw9mc55gr5fa7h4aqvutcq702z2m7;10
inj19fx7ashwf93m6hcqs40clhd7hzyhudpey754ac;10
inj1pc4j4smtjg37xkn7g6egkvss8gr4uxpz6tshs6;10
inj1k39rpuqv76r3zyuqa6gcqe6zllapnnhty766x9;10
inj1qh9e6dvxn6ewnx37ta06lf7g4thr95rs4a8r3j;10
inj10r87rs5dcycgw3ht4tatzppwsgrtzdh3c7qmks;10
inj1zv56ztkq79kzrlxmavc8sx9vf8sr4vhatexy70;10
inj13rpxsfwrvvrc70vuycrhqadn4q8xakfnruj7n8;10
inj1jdvekvew7xuy27hm57evtajhw9va5zy6q2748c;10
inj1jq6v5jgmpzvfm473rc6zyu6nhv8rgnyz6v3z2v;10
inj1gflne0gep2zh2xka86k20lx7pcjar0dp79xfp3;10
inj1qzrh07cq4pr06mw6sads4w43gkcsu044kf0nrd;10
inj1jt6sx69hmgt8xfm46vnkq9jprl2runqr8jmrje;10
inj17uz4twpga0yy9x0heg6fz4pv5scd9ea6fnkawu;10
inj1r96fqp3jmt92ajvwnvrnq2zxsl3329jwaxxgnq;10
inj1zu2fyagfenk9tlhgm5mly5dxdgwld7xr2eut9q;10
inj1hx5u2pyhdt8hgug5e99xk9758qgea8mz4mvg3c;10
inj1gk96uc6nt55m2j85cdasgp5k9tfua0nz99ffmy;10
inj13gjtqz85clmkxkwtf8ewny5w67tgvt95s2k3c9;10
inj1znw8dnvetnpxddv374z9y7lyuhnhr6hhk3yw7w;10
inj1sqdy5pqwwdnu8234xr2q9xpe0gjfnqhck8zqjp;10
inj1tnl37slmhx58xn725c74v09n0kd9js2ztnns6z;10
inj1pj0qk6x2vutjagt4up4f8kswwlrj3e5ghpmv7e;10
inj1se0zdse7yfzsl4dnhkea25fd56vxy4pzledpj6;10
inj16wkcq073ykfg9azny2e6arfl9n9j3fvpn7z8hz;10
inj1zj8dd6lu96lep97hguuch3lzwkcgr7edj0sjg2;10
inj1p6z3lexpuzlq57ew83prdjerrsxv5hcpqcst3y;10
inj1eju7x98gcazt5lx95wndh485c8zwpafsk9k0f6;10
inj1qtgl0dg38wz89zqqanmc374ccx780dgyvae2gv;10
inj13q7dk25zrgscnvrsyqhkjd686hksvjrtk9xyve;10
inj15n0pey9pjkhs0k7vsvx2qnz8zklwcdg9wpjupy;10
inj156vhahr8d2fm74v8s4084hch5h58ganaj5h5ht;10
inj18vhlahwvlrgj4n0ae6a04hsnzlw6njufz5jjy4;10
inj1nqxl2f6r8azf63srzl79xv9xp0a9devfwmga64;10
inj1llq7f2rnqft8mcv32sls04vmlf7atvyg0fecrr;10
inj12t3wsw3kcavhvy85qud5mr0axjft6m3kyzrw0c;10
inj1adwxap3fxqrt7w57quxsftejk9sqfg2v3wv8ht;10
inj14uzrpqfqqjar6c6uw98uwtpqny297cjzrrmvr7;10
inj1xgszllv5rltavgwgen6wtupfrt2f5497th92tj;10
inj1lp7dzd3p8wg2fk7g9dms96ugcsec4tt7nqwmdc;10
inj1pvt70tt7epjudnurkqlxu62flfgy46j2ytj7j5;10
inj19ag8mmczgp8st82jp04htllcp27xan65trzqr2;10
inj1smjdku6pmz7d9jh3j76l57wdae99rgyrze4cfl;10
inj14arh9vp9lcusjgt3efnasp7k3lch8w4370mkfm;10
inj148cvke9vzq7y9xjx0szjc08ssc7p3emcv5qf8n;10
inj1vn7e509glptva534l48kxjszdwy35y8k495a27;10
inj1xgr20kwn5ffu5sqmqnkv0x30hcghgryaftk7ls;10
inj1kp2kqrsd50edv2dcsa83h62uy459y3v38skwy8;10
inj1gp8240959xt7wz9z6p3yaxrrt3n9cmjrscmx4g;10
inj1h6ckfp0wz2qp2zljutjaqlv2uyal2lpatxrjy9;10
inj18yhlamq52da5tkflu25ekmzlypnvmegrfcul2c;10
inj1xnu6med3ktgzjkaq6h2l7tj5pfg20p8p4ccgmr;10
inj1jcmcsar7lq3ac4njnk92tps6ld07lwmr3xpe8s;10
inj1dl34sdlmdfeytl2rmanr5vuaagujugj2jt9xjq;10
inj1nq3p8v7qyw0cx7ra8ey8lywd9l2zpyhhwfw2jl;10
inj1z8dxhvxmkk4et349j380q8k8h4fy3z4dgxs0vk;10
inj14m0s6wu8ugjy4k8y87wkz7squj4zcvzv2haq2q;10
inj1veljgdgcjpd7e6zvt4uvzhkvfcnpvpplw9944z;10
inj1nyzlt74592ptwavwkgxmpkxf2qw0h8nmu5rll2;10
inj12n683saylew90ep7k6w68hlsylkup47jyq6fyn;10
inj1cs6jrwcj7utxtm9dr8cxypylxmvgh98kajdqnu;10
inj13xqgz7jteqeltda07cyn4c6zrhrs02xrh6lztj;10
inj1e0vv5snr5ltr5uwps046g05qsdxwpnu6enuwt3;10
inj18p9vn77zz0qw7p3qf3tu0srz74tes0cc663vev;10
inj1ecvk29qsqdvh47xjkcxgnfcqm34r5zkxfm9cqj;10
inj1ysg4kc3kgdzy9tey07r3w93c844ecj7t0srwve;10
inj15e5zsfxuxwytxjjvp90tq40fayfwr5kf4gkwzj;10
inj109w0y6c0za4zklm86fr6gsgg4aqekc2gq0qurm;10
inj14pn6tx59mu8yre6073mmjwg7028l57p4xdwnlu;10
inj1vc8fhmg9ezud56q9ejktaryserdzfxcexasuhp;10
inj13s6s70s6jxzdakttw4pyffn9zvwut3d8ckg5fv;10
inj1wdz5hlehtvn3k69f2fsyeucvrzkz9x96pkjgp2;10
inj1te3dkxxgrv0tca2gykpnd8xgvdkwz0m8354lc7;10
inj1zq4lv6n0vkhnvwctcygrx8a8xv4r5lxfd8fjc8;10
inj149fq86v3ks2xxq5zj7fa0d2998sssdsndhm735;10
inj1h5jpyryng83tnph8n69rhxuxt4wmkx7ndya9qf;10
inj153gsw9jukuzaltta4rjhfuftxew269t682n7jp;10
inj18udnxfwfwhuzma3ae0jp5665q6eduth8xm36pp;10
inj18x0q035uprzycgyad7ljjjhyqum3f78wgu8088;10
inj1l79ckh28atwagf6c900kcm2jhnzlgyxyel9tht;10
inj1730rd9uc00nzmfwduvgxaugw94jmxxrxkgx0ja;10
inj1u2rajhqtptzvu23leheta9yg99k3hazf4waf43;10
inj1a8kely4dftdzcdw7ha0l7eensrmkgejnu2zrgx;10
inj1eymx3t4zank3asngw68genp7lnu2phjsjlyf7p;10
inj1vtmexzxzfxhgqgqr9kezy044ywygu93p0cen48;10
inj13gxkq74wy0pnhtgf53xfcnk6v8kmr2sdyltadz;10
inj1dgaxzn8e8qegymrvmwl4x8z9syqhxck8dq65yy;10
inj1huh2zvvr0l75hp0k6s88k35rzfkrzthma4y5qs;10
inj1pawa6h884nd2g8kwlacfs2q4mv0kgfemg7frgl;10
inj15yyn58nc7a2tkhz046qxnanhxkj57uj68mzvqm;10
inj159mfuep6e3y5hnk8fzev49j554xtn6lyxr2kjp;10
inj14pyda8xyf24sfl30yvza49dj5hawhx8ktg37hg;10
inj1tyv46utpgqrtn00w6zfcmswdu7z057m83qwmuw;10
inj179d9r8hv4mkxglg8v94s6xhv0djls3ejkj6k8u;10
inj1vsr3gl0h33cj6dhlq9dtlujeqlte86c36fez5j;10
inj1y0e9wl2stgzzcfzqeatnvpskp9nnfk7fthdaks;10
inj133s85zrm6j8089mz5ngj6v3puhl8k0mk6dj3ag;10
inj18hf95teq6n2r2rt8rtjauyjwfxdfgenmd2prz8;10
inj1kskhjguety5vsje7mxcdkd08qr9nduf2g60fun;10
inj19kcw87xjrx0cfx4ay5tg3ngeeraw3aypxjelrg;10
inj1dy68yewsk3ylztzumjdwh2nwepg9zqgfk9nthq;10
inj1w55luhv5de6u62dkmqermcxa8v34p0raz8a2xz;10
inj1hzcxum436krz4y9hf804rwn92cdaraxssuht65;10
inj193clz9dwxpcalwtnak05tgst7aczelpz3p9335;10
inj1mykcp2v292xkqq6kx4ngwat69nankk7vt0njre;10
inj17gvh3ttwzht5xqxc9e0xuzpmdv7vtxg93vs4fy;10
inj1pzaj6sc296ew7jpvrvn69d7hqvrn6ql7x2ehls;10
inj1nqax9whkk9f7m4g39hsuaksqngl7rnw5tez5xj;10
inj18vd465nfqqwecj4jdk6ktx3dyc4g8828lurg0u;10
inj12r2k4sqyc2l3y89lw8ac6cvwww8axhd5yp3x7a;10
inj17t7xhy07f0le7zj8ghd5kv8q840l4zun78xulm;10
inj15lz24gpnyeqlhlxpdsv4uxm6lenqjk65wpjnst;10
inj1yvdtuqme96qqj3z8utwst28htppk4w46mjegrn;10
inj1lhsl4j6qyj3vfwsfjtrq4frggscgdf5q6exvtr;10
inj1q5cuedq8fs0m5c4tpmpkajt2j226rgs6vsaffd;10
inj1s2v8yrdrs03959c8lmaw9uvdaz3y83pa0ugmrw;10
inj1dp859yct6529kv74as0d9sc783krr7tcyyqfwt;10
inj19k5ucp9ezkfup5adnezt7z88s74ggsqc0n8quw;10
inj1g3rs3d675s7h0xe2amqvq7grqdfxphf98m9v47;10
inj1sfjvmz7lr4du8yx3jz77aexw2kz96z39v33a6q;10
inj1h32whcaw4mlmehv3lsxsyewgydw2ll9yhzep9x;10
inj1awx99trw96yxzru0u4wrs475ymmeu6m878pyfj;10
inj15ss986d9sax9etdxezy2kguze966dfl5qg93xx;10
inj1ryna2vkvwvm4ehwaugl7v289mwds9umzkhjnjf;10
inj1ca66xa75pl0jtj729zzrm5jsvx5lqfxyzm8xry;10
inj14sw3zk7yar4f5396nvjht6e79k8n74f7apyra6;10
inj1c0hl38v6ads2862kkkdp5tgm2d34vmaf2jputj;10
inj1ph8thzxqljcqqhszq72fm377eh4xme64fkzwqn;10
inj1zc9sjyvv8d9u6hqqnz3wkakjszklpqdsuayg5m;10
inj1sazmeyzl3n78uhu30clveqksy47pqzn4ck6l82;10
inj1gaumxms804ksr32zkapdajypdgjclx6luhszgr;10
inj12k29t6dwr2rtppqxsh8e9twlffdn908zsu2atg;10
inj1sljn7umlxt32rzxk00mc44cgw9pt95rt4rc4fc;10
inj1l2dfa68l7jc4mr6ts535ewg6586d6utzuxg9un;10
inj1479x797m3wg5sk4gtzrywc7ju2k9jes5wg4pv8;10
inj1qjgwt00mrnmhz90q9t9qq6yxnuy6jxvayzkqu7;10
inj183ljr9n8pvxw3kxkmt26mpxw9f2ah369992r7z;10
inj1g2tewamfn8s37c7xf8anrlyf476p2gwy8kg0al;10
inj14m73d9jtgl4zeeepaelkjl9xak5rv2ycuck83j;10
inj1w0z5z6ake7mkvkwzp5ygu37fh4dq64p2clg4hx;10
inj1aly5etujag3mz6m6cuzzvce3grrd05kwjeka3d;10
inj1jfk6wajf33gzqvzx3f5gm5hz7n8wuzqtmv38kz;10
inj1pt7g9gpdvrmqkvv5ctxhl49v47re8yznpe6p2g;10
inj1tnpslzvpkdt5gacqncma270a9a4hqxr6m3wnp5;10
inj14xkl2njn7vg6t92pa88tapmys9gq9zetaltekq;10
inj162hrey4rt050x60psvlc83fyf0l4jnpngt4fm0;10
inj1fgt27yj2d2gc29fzj9w3e3uqu8f37t4mfsd833;10
inj18lq3y3a5kml8qn8z33ga2x6qz0t2tafpvxkplu;10
inj1mm06apptfh45p99s9y2d3tq3jvfsmyyreegywc;10
inj1x45vqcfehplj0hdzm5un7xpytuq2hp5e04z8lr;10
inj1ffck6ptexxxwd2n2zx8lnjvspwsx99t6saum0j;10
inj18gpm4z9x3344s79txf3ahsswvk4wvwjc2j3kng;10
inj107lx923fscxzc687jwp7g7rfusu8yup073h9ak;10
inj14ayrh7p82j8tjrt6uswkmwjxa6p2m9a6xfptxc;10
inj1jzvpydkxpmaphu3kyqkfwl5dcxa7c0aff0mnxp;10
inj1032tczx0tsceeethyzac26eha5dn35menpl678;10
inj1krny3xk3hanjh6cnsgnv8v8xf8wy5wmcvvknqf;10
inj13vqksy0w2axntjmnyqhhk2lqr2dkp40mfvee47;10
inj1l9l4xdehjadj0t0tj3th7xv70lstx7mh9alcpj;10
inj1wrlxj58q5cffduunltl5shv9lgk8wr6x4as3sr;10
inj1df99y5zzkpq9pmygl0wqtr05zxcgrxvaaezj7g;10
inj1ecznvpg4ua0xqps0zh7m7vc6nsq39lfnk30xf6;10
inj1a6q46jth79g4qql8uxu02q9wfp9aj5e7pekgxr;10
inj12luttqr2wz3q79m4quh3f4ywfqf5t4h9mwf6rl;10
inj1hepegw224t2nssr4l7glc94q4etasjlcw2hcca;10
inj1wzxfag3k2m06k5kxrrkw9wc9xqqc2cfsa0mf9m;10
inj18jc34qvys5vvywwhu80qtusad30qumx5fc7pnu;10
inj10xzr5ldel7zd4uawe2wsus76y753ckh8jj24tu;10
inj14trvq503g9lh9fy74ksa7st66t2vhngzvfp2m2;10
inj1t9y9l4yg842766mwtlcqkj83nzc49lr6epqktq;10
inj1m9se6xzmsuqtxkq20cxtgyfqppa63lx2026pfj;10
inj1yjr9zzz53gtmtkllvhdlq02xkrcue52rjhl34m;10
inj1zy5uewdd9kyfw2jyxav9kg3m56eeku2e48ytsu;10
inj1td2uask8w8avtrw5ctsx45cevfzv07dfs55rgj;10
inj1f5ds4dvqps5hwhs80zrh4tp6g8ad25exjzawdd;10
inj1pjt58f590jrmh8ky0hdzrhl0c8mulwq6l69qdx;10
inj18pxh9k587ejehp5y9hxt8nld82g7fcfllf4wmq;10
inj1qp05tjxh3suq60lnkcwn79mxawg4ffkd74vf06;10
inj12m7e3t8fprepff59llnjafzslkay02wnfy4fp4;10
inj1xve0m5eheljdpddyywf2544wharlkc29hhvzw3;10
inj1qdf95ea8hr3hreln02rlkp97uwetgrttdegn8j;10
inj15rkn0jvy8qns0fx0vrrh24e59s6zntg08ksv0v;10
inj1dxk3ce35f327phpgdlc7dlrfdkxes0hjd62tuw;10
inj1hn88al29t0l9g5fxthz6ww9jjy5ddfwtc7n908;10
inj162q9u5lp98gn3yfak2wszx3fk79cepcy97g534;10
inj1kcuxtap54zgnehtem4ue2g37v9pz4hwf7tjpd6;10
inj1p893q3f584xagxv4q3zt4r0vdn77hk3k0hj3xq;10
inj1n9ur8wqsmfxec37xmcq5yu49n702a22d23tnqr;10
inj1u9ud7xyzpamy033mmfnqwltyfer6sfg88kuxz0;10
inj1hgjncx0667gtwrcrmtka986z2dq8mldxhe6s80;10
inj1f906pmhsexe5hv7v9yts2amdppdxmcjaf2n5hv;10
inj1cw03mz4445eypxq3lpr9tpazx4cx4uqsft6sxp;10
inj18wkrcmdasf8yqhavhj66m6x02y3wfsyx6e6kpe;10
inj13r4fnj0yfqnh4900alfypa4a0fce9h8pndle0v;10
inj1ghfjx4r9y7yll745a79afh8pa969mdk6xvztsw;10
inj1s5z9aa3xn5dav90344ttt49lnha2jkgjvzpdgp;10
inj13dvq4vsjhme0a5vvngn23xe767rnpn7rg5m0y7;10
inj1j7ltxccv7lgamedel54z8w0c9fksdlr5np89z8;10
inj17laytjp9zt470re2a5fw7ac075ulzvgyy9uqu4;10
inj1q5gu5lc340wcdhwact5tcrm6fdckl5wsyfpz2f;10
inj1ydq62a0ug6hlrsxupwp38xdunfen6nu2dy5jh2;10
inj135psy4j0ls4ftwafkxtkpmudvlkm5d6tdf5ap0;10
inj10scny437numsx9nlz0xm3r3m2uddhdpxamm2xh;10
inj1gw86epxxvl4mdu96l4pwx79m8a3wzcw8ge4d49;10
inj150hep35vx96vj3ay6qy85dgj4qejk7m5kvs4cf;10
inj1pcl3cxpuyavnd3l5hm5t44vut6p70y0sqemucx;10
inj1ujjm27gshqceu4f0zrvc6lefc87eggr86vdsc3;10
inj15tz5w80cnyj0aemy6h5v4qj7hfdky6v3ws0dl3;10
inj19j567mrsksuvsvznltrxm8fx758ry88m4sejgm;10
inj1483cd0g7ttzrxctk75et963n3mgwlnrvwgum2p;10
inj16w84dmrw6r9a0m7fexja8nktckllce7xsm3jct;10
inj12fy3udajuge4ks5pckcn8nf7raqs5chc63ehvc;10
inj1cmw9avwxzq7he0rrj9nz8dpzfycwuw5agkawx0;10
inj1dmwnu0xde8a2vkaqkskspwk483e3gca7a6yet4;10
inj1ufpprtqwufzennw5kqd0num9gwxc0ar0kzj4u3;10
inj17el4weu7t9vr70s3vp97upat62we4swwn55suq;10
inj1pmn6fkx2l3p74khagq2t4gwzm0a78l9r6wvecm;10
inj138wrvxq5kyw9fm3z75xw0c3p7m7f883jsxgwyc;10
inj1y9vj7r00t205fm3kxuvvrc3q4a62hznyjsl7ng;10
inj164f5429mct9xvrfezqahmn2fsju5dqv65q8h5d;10
inj1mp7gayye0zjxnmn8dky32x7u3d5pcxtxr7perg;10
inj14z9juyk9qm7fvfklmrfs6sjkmwrxants2wcufc;10
inj1v9ap02f7dwtx4clz9ust6dfwcz44wxmgan0qez;10
inj1vjw8sq77mcw6l5qd5nd2fmfg5a82uupllhmnf9;10
inj1msvdrl563ry92gyl25nhqsnx59p3fu4cd3z8pl;10
inj1h0y0awywqqnvrm2yumpwxqsdmxny27yvet5cf2;10
inj1ckj4h46tkm59cr924wkunuxjjt4a6n7d053pk2;10
inj13uq9jlqtcxxtpmz0zkemrkxuakyhp3d36rcqd8;10
inj1ca09yertkqjqtmtastcufdpcp6e9ngek7j46c5;10
inj1xpw4udljgal6n335cxfu4a0825ajvps3qafpkv;10
inj1sn2nfelm9sspc4ajr0h7ga5x42umf3537ckv8x;10
inj1re5j4lx8sg4l848k3w2lvtnqpyzpwarhjywcvn;10
inj1vwrps4gmxr0rjkftf937fsspjraplpa2pkusz2;10
inj100572cn6ljlc3nu2405p7v20v962f68ajm6g3q;10
inj1v2fad3ajnf76uqlzqdcc8vcx86c8htweukuzda;10
inj12q0tr326ch3znj5ypcnpw2nynzsftdsuurj67m;10
inj1ma05n55c5u474648m7z23krufrdgf5sskxlrpw;10
inj16pkslpzr2argtsjjeshfutfwlc0kx3sgqt9hd4;10
inj1xa7zym08c82q47wc5ke2c22m7kfxmlpzgwuz6v;10
inj172j2erdgvw4tt3das9nn2s87eekms8600u0dw7;10
inj1hgt8rc5p7aq8x3fj8jx67rr6jccex5gvkje08u;10
inj1udc3h6shhj7n3kn8quygy8swkredvajve5hel7;10
inj1zyed50nqj0wqu3jdt8ff55gyf442x2sufaad2v;10
inj1298vjf0m5sm36njpxmzv0huknfc8gvps7srda9;10
inj15xlz4gsc6gsqvhacf05956m88vuec7aghk0j9k;10
inj1c99fxyu4s6jq695nhwx7l20hvlwl3deypjeqv0;10
inj1n0955km82s6cfkeusn9fr7x2alph9lkg7n8y5e;10
inj1kgc6fx6qj7gecetyeqfz5sm7q20mygy2czsxf4;10
inj1c3du2g05dsc0xwqfs0qc3ex4p678r8zckfhlpk;10
inj17fyxypwwrskv5j6hlmz88zntj39mwv2m7lzyfp;10
inj1r2ct4xdszxdksa9lceyxz6hlw2qfqdua65ww96;10
inj13q9zhmte06s2lhp9pmvh84j74v9w45rpzm9m4l;10
inj1jrmfdf302p8wu2w58nlrspk8evfzwnxlmfl8ul;10
inj1nwhlygkwk8g3ad34er79t0ymw8d3zdnzz3u0am;10
inj1mcm4edfmqx2j3dtt0d25h83e0jzeus74ncemxq;10
inj1un83whvfngj802h6pvrrej3hanfl3njr3qz778;10
inj1a37qv0sacxks5lxwqh47qmztr73vjlgkafe7v9;10
inj1qsjptjsl0s40wqkpuyydlla6v224gux927angu;10
inj19m4pjdygmexz87ec8g06wm0p7pnzgt9juhed2l;10
inj1gqqdysyec706uxgjz9ugamj693emd5unxz46km;10
inj1rnna8cddcc9pm6sjaa9s2p6fzqcv6skrhqcwh9;10
inj1jf6t5vj47myxuy38y79n3m4wx0dm6lyhrt0l9k;10
inj1zkl2slrdux97nhhqkq6dnmvdvcms32r0k0lc9j;10
inj1rks7yvp0p80lns9su8wy7utmnny6c5v8ehk6n5;10
inj1emd87f0p9gz60tfsqvwrt94g4qjpm4hppqknlk;10
inj1l05t2unaz70fq88gdfcf9547tdkc2ejhjmsp7n;10
inj1f7kmhqy4qrjuhuegsv4k5erfwkz07lfxeqs725;10
inj10aprzkrx7rpfq2zfnzstt3puqjcg57zncmwgkh;10
inj1st5u244kvr4vc20cmmtwd9mw6wcvpxx5j657x9;10
inj1gecdm33py9c53xjpsaamkh2mrn20ylel6hnlh2;10
inj1r3m52tneyvwegg5h7ay382zxhtannaheddjzwp;10
inj1l3ljgklz4hqvcdzpa0wmgzz3vp46n40wjg7thl;10
inj14lygt087v27fplv88y6x2nx290tlrrj2ju4g90;10
inj1nd0zsf26ka72mgzzazgas2fwahjqaf2n6za7yg;10
inj1n0yct89gazthnfv0yxhe32ygvqjjgn079hpzan;10
inj10gqke8s0pvpcsat408qumhlu8tj3grrhs8xlqe;10
inj12nt5grzp4zactpqqdkvz6h6lfhfzwzrzdrjq3w;10
inj14uhxtkjgmt3v4zzq3elrwjlu5dazy43866rngg;10
inj1m8f7lvgleef2rq6r5hxdl7adcydza5xygd7sxu;10
inj1haq4pcwspeajcfr9q5nz7j0qw30gvlyr3anyqm;10
inj14nuu5eqqmvsl8qznms9ar4ty6r6j325sw783jr;10
inj1k29fcmkdwmm9w7l36le0pfpvgt6yp2dsw7y2s8;10
inj18azwp26npt4x4f6c0eh5z655qj06fsm7x3qunv;10
inj1j2ls95w0x427z4zvryx8ts0676558vaetfmy3s;10
inj1u8qumahx6fvkmrgadykyyasrpflq6vguuxvkfg;10
inj1ky9y8gpm3lwq7hyl456tf7m6en2ygkjsm6xgkd;10
inj1af93mkke9vs5652r2ty6zyfa4fjcfrzeqrzasg;10
inj15kv5ng3r9w0fx6tfral674nwn0uyyuegl7nz0u;10
inj13e3wy0f8juznaf6v5avpkjzk0cc0h674a29chw;10
inj15wq26h94q8f0vplu9d8r2uw0ch9wa870cl9jm9;10
inj1qp2h8wcfj079z4u6x05lmv3lrfnegpgwm4sls9;10
inj1dmw4wvz7zpdhx5kj63mz0fqr7pdyzh6wjepndv;10
inj1s25kskn8gyvvy70cn6mxhqvey9hvprpq5ux4u3;10
inj18ant532cjj6k6mnapx9arrepaqc95npscwjupj;10
inj1jhcgh62x6nyd3t94mc60rt9qhtfgc7n62526h8;10
inj1wr7wzykxvz5ceuur6524nfmrxqxsl3dpcawx3c;10
inj1k2dmk0trrnaqgg4jdkxvzdvfwmfkg2h2jzqxse;10
inj1akkwg32yzwn5gjyce4hacd277478aww5pxmqqd;10
inj1xl59un7fssfzwu5rt2ph8dmqx3ch79589v4fhj;10
inj16r5vam8jg6hsjvshlx4jpltzdlgwsg793ndxs6;10
inj163yhed5lcguhstt9j38pf3uhehnmgu9j2w5m89;10
inj10xdkltaswh9tkmy43e9263l5ymznqj33zat553;10
inj1x02xyawz9wd7dzydesdp0cylv5dg79muzcp26r;10
inj1wqm75aa7a32zn4xfhp7l2tp8a3x5tdmrnyd5hp;10
inj134s7p37xtlxz5fea3gjr8dqgtqaxwgfkvmnazc;10
inj197k8sfuzqmcc2nwhmdq9mrz2dqu0zpnwra4wqq;10
inj1rd5em8cj5jh0qwtf9gv3u88pygfm7ujq6mrt0k;10
inj1jgtp0uatxghsf64f25yastpv7rnhz70gu40vn2;10
inj1h4zkvd7e9wfl3hvkd8deg58l9n6tr7qwvl7eql;10
inj17lrkfur5znqh872e8f0f9vrej0tygkf5gddxgd;10
inj1ek9naqlg0ywr4sfseqf3qe9fmvsfk2dunf83ne;10
inj1ul549c9gqwlmsqj78zcapy2e778kmz9nav7m29;10
inj1ldklw5gy397eaqu7ywn4cs3t4yhy73nuehkcfq;10
inj15rdcu4m3klkqlrwswu4lxmr5kcu0hxt8v88g7q;10
inj1p3gpqt2mmenutpfe7mqw430h53tpc8c9ukvujr;10
inj1xde0mjumxd5hlmulttfxu2280l0g5dy0ph9rjj;10
inj18mykgzt7f4csrmq5z0pa98xlltzkpm86k5c6s6;10
inj1dmurp2dy47svry9lrns63yl4p7f2f28x8zadra;10
inj1y85qaq5ux0uxhexl2etvdwqq5plnez7mc9zxyr;10
inj1jfxluajedkxnaphzvysk7znld3lmjnksqh855y;10
inj1h3kj3ghq522z8uaqh3kvdejku8jcwckeyt0lr2;10
inj1te3y57k38dwqr428kx545wrdras5006kmeyszq;10
inj1zwkykjrhwgh5pne2a0j2puh2ayje6d9ex03ahe;10
inj13zdc3ntyeu590jr38an046ertw9wx9qyyc2l2y;10
inj10fdu7ldkeya6g4fn7k3xjvnyh5qe5n26g3zgkg;10
inj1nt6ns8kdkwa76dwyn2uv70x6xyxjvacr56jqe2;10
inj1ynn45gjduc9lrcpx0rd5n29drphq2828gytvcg;10
inj1dysn2grym3u388dd3ddha5kfst8qlk3pstt08q;10
inj17ttzzuapcxhx2mdqglhjjnhrmkcyud7hcmyueu;10
inj1kcz9xe58mlxpxx6c26pz3wv5a8hrasq3yl0veu;10
inj1h5sqa8k45hswk3kulqughy9ajvglctf2lljc4s;10
inj1kuf5txyvqaz67z2h5dz0wn0x7xmn65m4kfkreg;10
inj1tjjl4sxt2h03mmy6qwjmjjy6pu34ug3qjrag9d;10
inj16mahnut373v6std742qjvxmaf8fsdslazsmcq9;10
inj1s8s0uatqnyxkum7jcu4q9v06ws7dayz4c543el;10
inj16p7lkpe2yjfhng8sax93usx0t0zfc0e2g9jvty;10
inj1twkrz2kc6zupth38m5jxa5z3u8vdfqr3fvlyq3;10
inj1u079ajfcsa3l88a98mpqsnklcu48fcpukdsfsv;10
inj1xh36t7d9nfzp7ku8g9hddr4ejaf7tyt36jk20q;10
inj16c8dqmh4rg6eft8786495akuz48nnwa0zfqftj;10
inj15xuggwap8pyrtatrly6vc2zstx8xq8hhatv884;10
inj1jnrel02087lnng2nfszaqrs5rnjndfdcufjux8;10
inj1d6tnutq9fj3r0xg33qhg28rmxf8902c9p7yzcg;10
inj12nmdjvn2hlz8naxctuezvdf8g09dj8kswd92z9;10
inj1d4u4lcf7pn3sgpsehtev647vw080ekjsdj05ex;10
inj1594630hlx5h25wfgyrcvpa9am856p7cpcxgth3;10
inj194z2sr02f9hcz2y36vy26gve6z298y3d8tqyu6;10
inj153yl8z06fzl6vx5773cq262r7md9gev7090l2x;10
inj1ahv2fkh4s9fvmfu2lsa0cfkztfjf8e5hgyeu0l;10
inj1x2lumxw48kktjmj9k8tj7c85jh2nv59hyvlj2f;10
inj1c40uszccp6nklksh6qmh48g4n6vynzspgntgj3;10
inj1srm8enfaaq433xnlnkwmad3lq2nj254pve4vvx;10
inj1rp8ltn2dsk022nrvfq6f6egtehds4jsr4anrnc;10
inj1rn6vxjujd25xkxwxxc4fmtzxjp4wg6jvky85ye;10
inj1zp3gmtecwp292a58ltn6z7xyqz29palxjhvnrf;10
inj1qpqkjgge9gstlv6lqafce4mcwqpx274mjsx4wj;10
inj1hrtl3ynccj8hnxtadcwme3s60skphh6k9e3eq3;10
inj1pu95njph504v0a75evc5ck07lamsgq4h2957ln;10
inj1c6ez5nucxmjyhl0yg0sqlp9tp28d3dx3cvjsgx;10
inj1k8qcws039adclp0zkhnwlq02aweefjl0rejt73;10
inj1qk62k4hvy0m49rmh0khf3zzszjvx7qdgupf85f;10
inj1may4tehk6kgvn5j7mcfc56cxevchj4j3npqesu;10
inj1xs753we53lsq58jtglcuygccw7er3pz27605cf;10
inj1n6rpf73mz5zr296vwrcz586vgackkkhl4lptum;10
inj1d3amlc6y4k9cs4xlh3rshpnqav7vsrehkn4vvg;10
inj1kpy7t5wza8mss3qlp6rptp0jendye8dn624m5z;10
inj1ktxtyhqxc370973cjjr0k0sqkqenmlwqp403y3;10
inj1rd63gwtd5ls6p7lt9feksqemxguk5tclv6k6au;10
inj1wmfzxncruqjwucmgpz2wv0y78w24n8lw5j3hky;10
inj19z3may6vazxfhvxl9dneprdxm2hg86xrvrxue3;10
inj190x9dflg55d39mq4ulqfpucss5tpsulw8sprs2;10
inj12qf770qcahxl5vetrxh39p0drflt66dxz5xdc7;10
inj16rcvpe3l9e6snlg9q0eqf0epfmhg7938gmcprz;10
inj1vu0hcmvfc36nntg6kgjgrm07nlqc098clnws56;10
inj14e08dspqdwa7d805srw284ytu924769rmk8x83;10
inj17nsqsrnh6zulq8agfzlenlp0jkqhdd2ud999nh;10
inj1ryhkq6lhxpns2h8464we970nqs307xrrs9jtuh;10
inj1dkecqg090y448deqshryqrsvnq998yls0cm6ul;10
inj1aurd8zqq2qj2tyyqu3akftahjen7vyk2vf2xnc;10
inj1pcyehgzx7alz74xyyk9kr0mjvmye5dunweuauk;10
inj1dv4mszm342s34v9snhl5p902f8qdq2zcynm3ac;10
inj1l8avmz5d64d9648yrq7e2m7m94nw2ds970urrt;10
inj1pfdtcnh0r95ef2aee5604rlfy2ww20j0cr0xjy;10
inj18cgzmap2zggxd6vytj50m44lyhr2l5qhq4dp3d;10
inj1qxsqezl4r0yf04xlja5ue7mjk5l5ldmev0k7jz;10
inj1txpmmf5ahrcdlxml982cf6uvufjwjdmp3ml80v;10
inj1hqcs304tdnka48z5qhfdj3v0ht3s3qsr2kx0jq;10
inj1vh55dhurwgd2dsd5vwzfne9jmnsemgxqcejuzs;10
inj1nwpdc5977t6cyp6jnfl6pwvjcwurs8663my0gs;10
inj12c0vw0tdy06k9natgxvle8hy6g8zjqhty8eh8d;10
inj13s4req8sxjxajk0k9c0n39z4sv8u0v2wv3r37d;10
inj1tfwymgqu7kcv7qzq4fnc4jnapr6aecxj4a7737;10
inj17zju7p3auhkszz80gj8w0lxpa0q2u32lekplyl;10
inj19tgzgpmdxvy7zhd694luwcfrjcjga2a63ttm49;10
inj1ag9gffs689s3m469gk0eh8c46snzqenxdrvjsc;10
inj16huqhf7md3we0tcyhpfmek4cepdqg8kxdyg9gn;10
inj1hkcfpl0m7qzwk20xa3j8cmv4n57skpyyl9jmsn;10
inj1s9yypaz045qmll3sjm23rlcwn4tvk2r85ur3z2;10
inj1qtxqrvtll27xzkf4em8yvneacdzfyddqdytzre;10
inj1m5p97a0n8wf2nyg38qdplqtuvkfppaq442rxcw;10
inj1t7yu5afxm0cmgzkvv05nm0fqxyvqnul2n6fza0;10
inj1j3et4sj3fprhj68qqn03uvmhzthynysvc79gd9;10
inj1eakw7dwr8u0amwhlmjq9emsk55wckh59awj36d;10
inj1q2d5g52rl5x8aeqgz5vf9tev4nhxwx0ltqvr85;10
inj1p74rxjrlew4dplymxvtuepucekntx98tu47nde;10
inj1fdtw89yd0d6j2adyw99jpg894hp5np867yz9tp;10
inj19pmvjez5t455dm87vy3kql27x3udrwm00l2gw4;10
inj1va4vmp7flz4vpehqtz45mz6097e8uxl3pukgtr;10
inj10ekf3ag9xcpuqkf6fkaj24hvyh6fnyvh8q35cm;10
inj1pk3lknc697k3mke9d62usu96r4slduxhth7nfv;10
inj196p056f5rfat8sgwvgnzgzv6qey2wk2du6gw32;10
inj1dewlekyjuscyxsttrpp3cf9av9ra88lpsgr70w;10
inj1gvdajq7vd9mv9t5h84c2xmqn2spl2z4m4rc0ye;10
inj188ynydxee0jur47p5xyd5urljezw6u3mnsswnz;10
inj1w33nl27pn5p924cwv823mtqfy2e3a3r0jqlphr;10
inj1kcrglawsrr3mr4jk347mc44l3pnlvqlzefs4zq;10
inj1xx99npssm3vqu09pef45mug02xden6yzvsanu8;10
inj10ghvjg67sn5s9xs7zmd5qlvds2g2mxctsjgvvd;10
inj1gt7qcsy2jnsdks08a4g0t2zmk2m8kxnrauuqtq;10
inj1fx3auh8spvp04zqs6t656fhrznl2jcy0ds2yr9;10
inj1xwfjktp9tf43vz84vzhnfpnucmhx6zccjmygsz;10
inj12w3nlmsnpfgghltcgssd4mpr7uqeysjjyyn4k3;10
inj1a9tulfeysky8peqwf38xxk0cgwzpqdxtm7wzxa;10
inj1469mlw3c0d4va5f9tpt67ameyzqm3yvqv2h6vf;10
inj1l5mf9s5q5lgy3kru8g639tqz2ufg2hqnh2kxu7;10
inj157x03vxn8eaccj72dyelga2zt988jmhqglpcwm;10
inj1rq7zat043p3eyfqvhx8stqet9ncpyw58n49hu4;10
inj1h8jgufmratafnm9e7rcqwkrdnu73qwx9lew8yz;10
inj1s3tza6pcwrf7fftnl33axz0d23x24ejj9fyyvn;10
inj1u6y0s64nlul3p0au9y47uqf8ea93se3ww7clr4;10
inj1tklj3552msret00hrdh3vmx4glrj8cjflfqrxl;10
inj1x9hrudauddx50w55fqmqngymefsmzm33yr58ec;10
inj1sg00s78ydlpvkunakr77sg0eartnldck58mq8c;10
inj1y84mcug7t3a8a4we2469vf9lmnymvzd4mmwz5t;10
inj1m72f0uuz03ecgcx8kgna6y3h9aa420rp625k75;10
inj1twtkrpcla5tucf6gexkp58krmxls7f4qf0qz5j;10
inj1u87save56w0elwvz0lfcg0fg5x275fdnfzcdxt;10
inj1gv2aqfaxvhw3caxqdh6kc8gpfwg2npvu9dhcqj;10
inj1zq246z86fg6agwqtqhkjcwadzz38zyn5w3uf8a;10
inj1yj9e08k4ezz8z7d9pffcr6duqtegceupsay37t;10
inj1weaavk7xnykjr9tzfqgrkxkx0vj9wxufzryee3;10
inj1alr05zcr5vnlrpfpk92s0c8u7mfj3natefwf59;10
inj1sfh732k0g8sv888p850cqly94n43rclu2e7gv3;10
inj1842pdez7m6kyrwc88pfwzkjpuxlh0q6p0vx0aj;10
inj15afwsqxckrfq6lye64zajx426vxtc5c3xalcpq;10
inj1kvaysq4rk5gy0xpt3zhpzn2sfc2crdmq5mj2xt;10
inj1zyfwfpve3atnd8u3v54znl2ujuqxwtspqnx38n;10
inj1ke7htzx5zh55vjddldesuatted8v22wjtj2tgv;10
inj14s2xzf4ngv4n8ek6zxjdfmpad5798srmnwz866;10
inj1lrjfduwf8e2lfq3g5de2zmwdmame6nazz55r9p;10
inj1m3sts5uyufs8pmyuq9fesyhulwp4u3j9n39asm;10
inj17lytvk326q4gfwu8gy804g49w2gwg0gyxy7upp;10
inj1e3s64muy82sjr69mae2zt7c339aaa6sz69zxzd;10
inj188tvq68k7e3x9d7xlvmy0wj2y6tr7jgr0f5cyt;10
inj1vvcyaz0z0jncn73yx6pklg30ehcrpnuays0g4y;10
inj1wn4pgwrp6j2mqvf64x7csa24eam777k6s8k9uf;10
inj1zxz0g4edr8cyns6asqq60ygj9mhnkr7fyracfa;10
inj1sax2ne7fzd6kvwflhxcrhg9k755j2aellzjjeq;10
inj12t6t4mt9xh3zxavnhghe8h93az50dm0v5qg6a5;10
inj1cw63lh2gen6nz9p9d00n4atgkltu5ucq58vhle;10
inj19ex4rrmuhexvahddve4gqkkvjsgrh25tadkv5u;10
inj1dld36d7qcpnjqgaslrrdg9tyfxa0rrsjdqh9t6;10
inj15fnw5nwc27eyq8zr333hlc4uga9nlc078fzwjk;10
inj1ph63q4499jv8y0uqwpgtggee9n7mgz08u2er8f;10
inj13p5wsv6e93zpv02p34jk6xzyh8wpuhfauv0fl9;10
inj1zjaynpvqae84z6q4zm4p2eeaemx6exm8eyvgd7;10
inj1hplxeuqc6vup7p6dlq7cpmez2pqrfk578drznp;10
inj147kxwl42d57sd0pncsc4wuxl54ly7ccmwvymu7;10
inj1s3ue8lkkj62ww9axh9k8prz0smvwcumzyuhjfa;10
inj15nd4ypgpvesx39ughsw4h2npry7yp2xrqe4dsg;10
inj1ns2335fptj260mdhhgdl6s9u4hr2kljfm7kn0p;10
inj1ck5203mn3rxcyyjnmt0umqjedv5rjsptgnn2nd;10
inj1szalvzvqprg87pzm6ucr82ny5ekevcln27vu35;10
inj1y7p3ps3m5hcp9mvrakprpsdzgdjlal9s24008f;10
inj13yv7urqkp42ngtzxlgh90e6sv69txkts7w2nku;10
inj15pjvx0elt983kxch04k9g5pmua8lzlk6t0k8va;10
inj1zvy5w5ww7xy09a8p4dwxc6j9a4nsg0sjxj860t;10
inj1vrylzdg348aca7njgusk7ghy5vun7cyp29z8zx;10
inj19m03s2aqhwf46vs36hqrk8jqnlkjjxh53xe2w7;10
inj175q5fgz8gxv0kj8q2l5prztk8kk99uak3dqsdr;10
inj104zqaj56dgzqp8wwp5nc523tcdcrmlv3u5y6zj;10
inj10llps9cq8z2xd9sg5xhynpfr0t5dadedtlvvl3;10
inj14r9xw365vdsnequx266urfkvxal2msekkp2wg2;10
inj14us743v2v8fg0zgplh7fftht9tgf0e85drngrn;10
inj1fmsh55jnr93p2pkpnl0a0xcn7meplz9uyelgs3;10
inj1mx4c2pzyk39s6fslfkq6rlsdk7sndnjqdp3nva;10
inj195p5u7q7jxhnm8a4yyx05u5wh7h6ryxkdyjwan;10
inj16ztqq9tc6znkfzzzugtt6mclf4j8gkrfxec888;10
inj14p326w6rpw6yrsrp46yktskl2e2ek0fweaeu7g;10
inj1rng4z5hdh48xzpxdqg7wj8tv725eadz2kjj09p;10
inj1c0nt3zyjkk7vj4lwk5t4zl9yjpw7py4mykwrvp;10
inj1wq7la347m9elu98ahf8klns6fw4talc7r7ve45;10
inj1wv57lthmslhsa453wy07hzw2mr29csc9hxwrh2;10
inj1ewqsd678dzmjvd7z9s9nnjq7m7e26trhg72rnl;10
inj1rlsyh8zgyf03l76m6sjhr2mh7ylafdlmzlrprg;10
inj1s5rqxdhwehv98hk472qczs5a5cj3z8ykjpjch3;10
inj1ghp6dvwwmwpmjlna5mzzlfxwmszzuerfm7q5g3;10
inj1mqrh2anpsmh5f3e5yt7ljlvjwqwz0acw2tmahw;10
inj1gpnagzvdzdghsud2kvatjcr5hczma3t6rtfqtw;10
inj1qttgyfgrh55hx45l7j0e05xvg6z6dncq5ptgx6;10
inj1dpshysjzeen0a2l2qfwekf0frrcf9lehndzmyd;10
inj1a6sj508zppkru8l6q2cc5dwtrn7vg94kcawvw3;10
inj12t5vw6gqkj7gue2q97qg9p2cf4pnpxax6hvq7y;10
inj1ltllce94r64tpm53fzffvt2v9gzq4n828u9xh0;10
inj1vvaejexj37dz5dljuhseqmcemg4ly0ekm32cly;10
inj1mhc8ch8f3r5cmtryfyycxceyqjqm2j2zac5tm9;10
inj1z4c9cagga4hqwy5h8v53vxwnv8nmezcsajfnpr;10
inj1qagkxwjl2h9mymxx4wmt89jgkyhtuuxx3czqry;10
inj14dskgw9ulqteczl3vhsr4x66jc9ggte9twhr2f;10
inj1rkvlnhrhpzulgj5x96xsfkp6ntu0whgr3a9spa;10
inj1uecg0fp52ra3qd2845cctdwsa44nn0t500v5ll;10
inj1pxj65q8psxp3x9njynvjl3k5wfz4eqzl7l55ll;10
inj1zxk5jglrduxaqsxgjn0470tgpakgqs7ksvhlgn;10
inj1fyhtjp89d6709zy4tsaagyex6vmg407fe4s097;10
inj1u63rfmjazttdn94e7n4jepze7uqenuv9tvz73k;10
inj1f54g8lgt30ugpk0724q0s47ah4nuzeclelcght;10
inj1y8zlf6vhrfxl7shhhmvnquzte9uu8g0fnn3fdj;10
inj1jgq4g60jgy9hmqwdj9u83eek9gk4e04qgz3s90;10
inj1qeduwzm6aq6anmye9t59gssqarpp4lds8hd36n;10
inj1t6eh74nlkkv98lyrzq78nllsm6qh54v27shlsa;10
inj19ucyeys6nqvduwr80kjgsdsjd507a9pg24k93s;10
inj1c68hlu9jtv43ql9zuky2qh7p2r7vv2gv9k2ayz;10
inj18dxpax8tz73t5vg09xr74l6pe4kvc77pl7qsvd;10
inj1mf54qzss29pyk450lkdpa2rqpn38hzcexfpyac;10
inj1v37xxu677ns5akfuk6asprjjx3yu484czsuyln;10
inj1p2k80vq0p9xssuzswd4txj47862fztmu97gusc;10
inj18tkm37pqp8ehxtp898wmnk7kcc0v2lms3ejhrz;10
inj1vxj69vch4j337es80msyxsra9a6jzmtd4mxg6y;10
inj1ws32vkqdvjx8s2dtjsxcushv0gn05f2f7zktca;10
inj1fn2aex584n4clswd7zmjcf7uqr973epz7v9268;10
inj1d9d3zjazqdnghr64mch3d4zep22hllqh3kc4e7;10
inj1uuepd29k45edln0kt80nx8y0d3plkmdu5qkkd7;10
inj1llfd77af5pr89yehfrwgdnn37ycl7n2s6nnd06;10
inj1jjvmu33ztwsule34ulydt80qaj9ck3m7aauujk;10
inj1nkzwgr20jzg0rc0k486vr5e3vtudvthfwf65r5;10
inj1czrxg2qk7wv8adcncjgnyxe87ag72rjzrszhg6;10
inj1nh2g54jpp28qmtr7gyfucxdf5za9y0sz0mfnjm;10
inj142kw3uey0gdg40l753ff0jcqr8kkkwtuufzm2c;10
inj1njz9h200904qv375uv7vzd3yuw4drew65zwyec;10
inj1s96whc8qluse96ksjtjl4mkta86ag7crad8ny7;10
inj19hp83c9zmrr3h4zacd0smrng0k78vc0gpxcdaa;10
inj1eyykswdnz7wvyan8k2x7r2tj2nfzs97ku5flm2;10
inj1ucwsqyqzsajcpd6cs7nyt8fgzxwc3u7vk8nnfy;10
inj1kscpq7lqluusxhmzv0z2eluaj9yf2njayudlcs;10
inj1cps3gz3cwljw5sd2sf5wu4quk89aufpmvs0z3r;10
inj1jh59mwm5g983cvxrg9e9r9mqh0jyss8g40xkcw;10
inj15f2xnjcy90kevczvzeg045gmtf79npqpaeku68;10
inj1vzx9ezw77retgk42yc35h2v6rwdynejlup3ueq;10
inj10ytuw5qm5jelwaegmf7tuu6mz0247el4h95twj;10
inj1eh0elf2yvj2hmyaq93hvhg0x8yw3vd5vrjn2t5;10
inj1nnmdka3k343hz3ylapr3z5287tm5exxjaxwrvp;10
inj1plhjy7wqart66sps7anlumqadcnekw5qss47q8;10
inj1qv6222jea9eyqwhkrhkudd7sslzmskln9khahk;10
inj1uenwkyvmv0wksk3j0e5nk9evuwjpxnu5jmzsz4;10
inj19jwl3g837zx0zlhzr2vh038v5y5q0g5t4d3le2;10
inj1yyk5ggc9m0frap0tz9uc3dlahauarrhx08edrc;10
inj1ualuuwfrtu225p2eya3egcgsc779px9eqz3da7;10
inj1ldyct65kekwsez8t8twxp8nxuackuhcgm0fh7j;10
inj13elhgqc3prapjxg7ye3fwkrj8844mmde2hpgpx;10
inj1ukhxxcvt6ax8m583yk75rkgaadjw4tprp4sk8m;10
inj1tc9p9a5ct3qvtt3ns70ykhgpk0r66w7ugycxca;10
inj10efvrl6eukheluuvp7wx7j72zcw5d4drf60lqp;10
inj12d6c0r9kf5kxadk6tcn02mrmtfmzuz4a7dq8u9;10
inj156dw0pllrkzl5a2n38sv866kwhctcrcv428vv6;10
inj1qhjstu3p0m6gmmwpwykleq69jnxwrz3s2k5tkv;10
inj1k7cdzn0cdf8jnvfcw56k8ek32qaqxft0djv90u;10
inj1ykjfteruqzwv9eftt79hedcauhquv43wvhdujv;10
inj1fygg5zjagx2aaxlpzvckn755x7pzh6hdu4av2w;10
inj1uzjj3669rmmv2uq96v26xpu7jrh8dl99yq2n7g;10
inj1gj88qkj6q7gflh5g6y6egzyuj7w5y0x6zrfc5t;10
inj1av7a47xup08twyrhac0uulzha9nvkf32v37llm;10
inj1rlyp66l2macpfqer2tg57a6alvgv7ydvrlfwrh;10
inj196tm4dralv0azw2mumvxln2gcxfhfdum7ag40x;10
inj1q82fmsgee627wh2w2rthy6eqt2jst9wc3tytz4;10
inj1lrspagzzs43075rjyrna8drnqaecvq78v9kwxw;10
inj1f99tlffrxac8dx33y4t2nzcyu2u00j3affyw24;10
inj1ssfrz4ewgnp8lzwu7pdd0nsfe7r5v3ekzm3wzy;10
inj1gptu0a5she8uy4zayn3qyd53k9qsyws3fslksu;10
inj19mnk6hdzexljyjdzx0a9px4sseupgsdfy645ed;10
inj1ktff8ktu42qzfmd3569nsmp7q3gz4r4v08s047;10
inj1e0hzj39tn7k6rzx5trarpqlc4w4nwt8grh97qt;10
inj10t3h5v82jxfkwfn2q26vghe552z586sur2qf34;10
inj1ff9qs57uj0ks2e30392lg7yfa8mf3pf5qx7c2c;10
inj1l9dy85k9pu9lfz8j273gjhfjskcqkmpns66n6n;10
inj197nqhxzsw22r9qrfg55923dm3wx7eugz9qnwlp;10
inj1srda8eh3phddm0jlmlrlwl8970wym0afm6kp6z;10
inj1cv906hcefk72gr8wxd8kd7lh55hsja48gukaff;10
inj16grrwuqzxakqzttcpcpdpq25ajwfyl6a8zhva0;10
inj132fkjs4vzm8h52y0cp3lz7shqg48qpt55pjmx5;10
inj1pq7xq6caxl794yjg7l92r27mncdlw4p29d6vqf;10
inj1aa4zeyrz8tqd3zc6qeqgf8hskqpxy7cnjshqfm;10
inj187ak6ur5jmgz9lvgxr5ll70a8ljkyv4n8ek2a2;10
inj19jw6mkmp9e29jznt7dkdrj5eu0tddvlje6zdgz;10
inj1y7mny25fxpzw532th5ml3llf6km72vep4wezfg;10
inj18h2pkemehn6eg96eauyumzxvu30ngwzdua67ug;10
inj14fhz9rgt9yvfntd4gn0z5ded3tl3k7drswdcgt;10
inj10j5vhlyphv3rmc2amgfqrad3gk0vg9efzn0xl7;10
inj19hp90r7nnhhcrklrdvtwrn5ewyaw63d6xavded;10
inj1406stkt3fwmsk0jh8zcdzdjkcun646lhgtkv49;10
inj10rwzjmsnez70jgznukdf6ca0u2t5f2kaptpq5z;10
inj1x8ttu64e2fj975t6xn9av9r60cvnr93jpnt9uk;10
inj1feu3rz2gvl4k6mjacq0cne5lyuxjxl9gx7n809;10
inj1ygdmje4yuhplt7xwe2mh6qrckjsfhrm6dktqg6;10
inj1yyjfm6l7udsqgh5k93ycdyha8d75qdpu30vnke;10
inj1a7sv5s6sn0j7mswxc50vl9zvepnazstl8axrex;10
inj1cw2cfh2a2562g6ee553m9r7nedxqne0autztgk;10
inj1hkta5r78er8lp82s6zpsvvqcf4w7g36c66uhg3;10
inj1wqvkkmlx7cshmeh7nh2a0w4p2gpt2ypntguypn;10
inj1xr0lvadajkpx77ufpwsznas5c5pglwahleetkz;10
inj1cdsky87hpwl8cnq5q6kv7cmt0ysqw58lmsjxru;10
inj13ka2dqvh5ukp2u0eyce0g8lxukz8qlwpcew28k;10
inj1p3lv66wm0equv65wy6hc86gr7cav2f82vr9076;10
inj1ey4n7m2jwv5hvnqa825mc3tua8zqujvc7sragg;10
inj1m5p9unjxg57uhnqwu4l2u5mmw76atfhu58cpvl;10
inj1eec23u2j75ataawc6l3rs3fc8mmf2ctvusrzm7;10
inj16akdlf497mn02hgr7nx3e49xc5xncvymlqj6kc;10
inj12gxehrypq22candmkxp594meupednlvjmg2ztl;10
inj18vhfld0u4lgzqw6g8nldakzywhgsf4v5k27yte;10
inj16xjwzx524s9gtr3s98y9hwv5nkkwcnuzjhfesh;10
inj1t7nqax7w4cxeka55nndrx5fm5dvf0ynznax2fy;10
inj176gyycecu79tgerjq66089m6q847gecm57sxu9;10
inj1xn23qw3cwvqwm6gu8p8x3ydkwyefcyrgfhkqp5;10
inj194aeq05rgxjh4d083053jzes6kwmdhvxyx5cdr;10
inj1kjmtg6lsy5ccvwr4tsq8wt4hlc0kdcq36dchvy;10
inj16pnkxl2n7pg765gs84k7jhhs8gy8f0hcg0ldj3;10
inj1uxcz589tpdgn4thfd60yfz23hxpz9jg4j7nq6y;10
inj1nvcgs4qluzkl6q08d29emrjrsl9tyn4f4c9muk;10
inj1zgpmjczckfynq66hvjkyx02sxsc2zke6945fv0;10
inj1z2v4zhjujf9m4hkae7heqmtg436mqvw8rel0zs;10
inj14t45q28tsft88837yzt7p82mqfypyu7xrh506a;10
inj10p3j34az6e3a3r4laqpcl3536tml72quz37ty7;10
inj13qylfelvku7mc7v07n56fwa3gdcfwmajtk9095;10
inj174ysdvnk9f0gsa0u2p979lza68gtxld5mr8f0u;10
inj1cazfpqxwfdsyhwxg3rc7s0dxh7ag9v6g79w6gq;10
inj1tgpnj0nztgaw8lq97t0ffk95vlrdhzlshtvnwj;10
inj13mz34ktxhfhgwadn4qlqxsdwhrzlshaujygxpm;10
inj1gtqhxvur9j4uwccrwgtlcz9dc7zeae02vs8q2u;10
inj1fv87u6qdya5uvmdl3acm84e3dtglp5xn7ldjuj;10
inj10mkc3pl3mmhx046c2r2g94ss0mrvzyqkfdwyme;10
inj1pem9tjvql4zjy32hlp30epz77x5sjuy6qcrck2;10
inj1gwwpggqngdt5dj3zfqwf5acn6rcla6yy0dznd2;10
inj12vk56zjv0hdhfxyp3pggwwfkf32j7padxdvpgv;10
inj1lq9wn94d49tt7gc834cxkm0j5kwlwu4gm65lhe;10
inj1s4ayar3j7mqhvqfprd5pj6erye7mkekqrdu0k4;10
inj1x5wy7ktcuadajrvc400vmp7qh09kyzfssww2qw;10
inj18m5jqxehad27zzyrdts4a7h0rmpncm4fe5wac5;10
inj1akv4pzj9r4jkkmyummrz9gp8lky6zv9r0upurn;10
inj1zxt579z25waked2vdhpuqxj63qs83ftc400ev2;10
inj120pypvr04h2yn2uxrddl6z8g62ra9n766se77x;10
inj1zrq9kn6ttvjflu4v06sk2xnr8cvml0mp2m2qs7;10
inj1clcemk36jvypqmatzlx7wus8u7r6mfrdjtk44k;10
inj1zsg2tjs85p0d7yxa0vhd8p44prefqvvtcfnect;10
inj12u3r3gymnnnadt9dx3j8xgaq2pw5ed4a5rdqy5;10
inj1e2c3kh4yqevzq57jdqz8es2mj2r8pvxwryex5w;10
inj1kxty5828f4w4jwrdnhuwt4q4hl69yw886qx24g;10
inj1qpu3um78084v2apu05mp3kusshcnr3fks2rytw;10
inj14x6fe6tsrg3xse2hkzpcth28v8uwy4uhy3fcfa;10
inj1ed8k5ze7manljfe0rqjjazu2mazwmr4hk54d7v;10
inj1rfmyst8sz3q73nrcgnpuh6a74eljfr2rza9xdj;10
inj10dgjya0058xxafuvvwk29emqr54sj2fl75yffn;10
inj1z37jclqtwq9l9ymlujc8vd6v2ughexgj4xl5ll;10
inj1ekns7yx2mgy86wjh0uzjd8jjwmznegeqx2m4sa;10
inj1szshntxs9jnup94lshu8pln4dldkrch0rae759;10
inj1ajtghvrwl2ktj3tkqr2ed6yax9uwh33d8c5vrd;10
inj13a0a95aa3ftmykkxwl4yprg2dskhv9pd5x99w7;10
inj1sv8p3s3aag77fhuj5savnwxedda6p32nxjurt9;10
inj169ttkxccjzl2e5ex5jetnkjzwh0z9ttenuys4q;10
inj1jjz687p2uw60tlsjtc6lrdmru9l0y8muujpnyd;10
inj18zp2r0g58ntqq9uawg60pr2c3uulaf27hw05l2;10
inj1mectvwe5f5ur2sshnh2tr6268vdktncp0r99cz;10
inj1w7a49xdvjuya32ewldztnn8swrce8n2rfmwyus;10
inj1umq6wgdzs9hmzrz2tycauct2qyf7qhm98ufmfq;10
inj1jkq2xvwx74trr2xj3t04v62n4pa5p6w9uvyz2g;10
inj1z8wxll53mc3fdpr2wr7skxsnm225g73c3dggnl;10
inj1d7r29jwmpnfge9uakcnhhe098ydqj25x858uff;10
inj1fvrzzmt4wd37tn9pumf9aj7u85hs66cq03vrau;10
inj172423d7laqu3pzk46jhn0dcvqjrfalh4alx4jn;10
inj1c2tcgs05dfmvvrsv6k0fseyckadyq4ede4h4vs;10
inj1fqjq9z36waamtqulltsperjfm8m7cddjms88ue;10
inj1rzmjgjzk790rkyh9gm2szmjarc0karzvs6pgtn;10
inj1k6d0gnlz6wzz7klx6kwrlfpmsent8evhv4rcaw;10
inj12h5uqu3u5nrty758lvjysa4ykcuckg4rzvtu38;10
inj102yjlj4tmaw8dw2x2l9g9tlg2fy5ze0y5tdz2v;10
inj1auxnrqe5jv6g7hwspscyut56trpakpzy8swx4k;10
inj150na5uhs2ssak7pzdv6xk7spvf7hzlneklnf7m;10
inj1d3mekmy8unn8spcky4hae3849zf3uj0n4pksd5;10
inj10lz59w6eg6g4tvc782jrglmvaw8j84gek6x8yq;10
inj1g4g9h6t3dejw74vwk3zgsjftrvf3l8ec86wu30;10
inj1vnr2n886ulxuw6mgmuah8t70xtnp2yrsueq3zm;10
inj1pf6rcxt7dm2gxzs32hqeg423yqwakg7d3ugn8n;10
inj1ee94mj3ydup8z0ys5yf3ye2585mcdj9n6ylgd2;10
inj15cgnlajq964ahmfaf4996vqa3jf8d8eps9m65x;10
inj18tjs2wq9vd5rvl8amup02vzswdd20d0vc4tp4q;10
inj1ly28auxwnrud37yc3y80tkx7due3964fd35sxa;10
inj1n34k3e6qlj7wtv5c6964043parx9mlxztfw9uy;10
inj1dm780la4tvj4h2q6q353jmva6rwyr5vc777a75;10
inj1v0wsd5ja9j0qks4zjthtpx78g0f74nxt76esff;10
inj1rs3wna79etmr3sar96fdsdp3mdwy34ln0dym7v;10
inj1cu3wxg92ctgu8q74zpysxu7prfy8v9hzjq9l5v;10
inj174hfcwd8ansjqly7jfnz8lm67typsjvf8u32n6;10
inj1xth70tk5cn0hq40n9r8hqct5lavf4zune4c302;10
inj1rjp6ptwhkqaagcs5gayy3kn05zva6y0vkw8zna;10
inj1x7hykjey27qz6m9fq6alw5kuw02x6c4prd99z7;10
inj1syc3zdw25up656lzv32caxt2tapm2lag3ve5sd;10
inj1rc4knlls7hpgzu93v9nt2p856d4q89m8sxazpw;10
inj1zus0pa7h7a2zegd56rkamt88fq0ys6cms0exuc;10
inj1k24d76lupffp8t9ecfunjj6x759w5edr5vtetr;10
inj18ghdddlj8u6t6r8mu4x6zk5mtrydjp0hmyhgec;10
inj18tzjahwkavyz6hwhhjquhjgm7f8aa0lp079e7c;10
inj14lclwkp4lzgugt7l46edn4z4t08nh70gn0jvpm;10
inj12f9xwg2pwms5y4n5z65f85frxrxluny4ll6qcg;10
inj1xkc2m0u4g08snckp0syg6ume4t8vqnj4tz68xy;10
inj13q9r40g6uw75k0k6w4xk45v26k94ugemdm3dtp;10
inj1ngp7ce4rstmv8ca4j6qdhtna74zk22n33f5ku8;10
inj1dk7wjc993zmzhu7t0deyunexpe57qyzk44se92;10
inj1ayun6sjdhgnez9v56hf00zlu5l3jfylkq665ye;10
inj1p3f0l395qfj6v77rwpxlq6ftslv78hupmurg50;10
inj1u2sr8mkryty5kemp352kd42vmkv6l6u9mtpmmp;10
inj1kgfkw0d42c4qushs9res9f8q5arcr9xm32a8jw;10
inj158phlan8f8h0e8v6wws4l269uwnr4xxrzd79ef;10
inj18hmslxcyyufe52ngyv82yvatskg0pgqf0ddcy9;10
inj1l6awngxw4yqaryxa7f4ewddjdltmkc56fa6wdt;10
inj1jgnj9nc8qhzvm0gq2ekfytekx5xj8ppmzhdvwp;10
inj127gdldzcsavmtssffnghpu0v3kxz4ajyae7nep;10
inj1v3lvd6mfc9kqwc8e7wwey4qe74fdge2u5kqs4l;10
inj1s8z5n9jfv6lm9n2ckx7yekwtf7lce8r4pck3ce;10
inj1nd0fqax962zpjce69jmx9f49l3vkg0gfevwzps;10
inj1nxv3nvkpl43k4xpzh58llfphaf5kjjdqlk6ng0;10
inj14qyz5m6u5c2yc7r9jfk7fawc0mxjn9q685kz5z;10
inj1c20mzefapzrzmeayukgtpu6rttc95tmzjyfltp;10
inj1zrjgptet63sjs20xqd8ema95kvgv0w4pxtglzv;10
inj1vwtwnnz4a2yf0np2d6d2supr6f7pxuf6dusp39;10
inj17ha3hl67ltutg0trnsk9jf5zajnl4ehgjp6ehw;10
inj1s5xntgyyf0mahwu4vwyct7dt9hsla5fy64ffqn;10
inj1rmu4sfuequkqvsc4hd4m8qu748pdw87wt6n9hx;10
inj1wf03c38wxhs03fu9wvph5ahlywlfqsnu4ep6h2;10
inj1lu9da2v37sfgtzv6h63xzm9u35ctvva9lfqs8e;10
inj1saas35fx5psmw2adps5aa0866dpxjcmhspqdyu;10
inj1037p0mupvzhlw35fjhjc7dgscjzhudqd5qrqtm;10
inj16r462hc4lkwu939kn2u89et46yfa30vj6p8n43;10
inj1khe7z72e9svg7nk6jr4v7aepystwnfvhkfvete;10
inj1ekv022yncqf8e3h0mf0kxslmzt55mnua4nycs4;10
inj10xlflr4etwrc9j78qpg3ghqsff5k09w6c5ztf4;10
inj19svk87eszvfvs9j3afcfe3llpznrcluk6sutuh;10
inj102mucxjy0qrpww3ucv9yvatv7lsfa2x3y5gcjl;10
inj10qu9ktxu9cqhc5wuequyug2c0qt7eefg5j26wz;10
inj15ekwks75lj337t2hkeepadhq33jz2hfvwshtdp;10
inj1zapqm9nj0qa3gt6zu359rkyrjg8asnas0jkcy0;10
inj1juha97kmjzm76t6a0zdktxzc08skh98eg9jt76;10
inj1npffvqfn7xl7he3fzkuvzrvfjhm05kekqn8k2f;10
inj1fakwperr6tqexu4c5v0hqlxv30t3ss89hlkphq;10
inj1k8jmh4wt8q8l5pyjf8yu3ytg3t00sxvj5ujys7;10
inj146ccafl3s3m3znu3e7qz8yqvevezek30xsp2qu;10
inj1dpmd5jktan0sfvpnmcvv8xcv6tlntvfc75zzxs;10
inj1dfe4hh2w4en8c7lm9u30uqv6vwz6pat7cksxds;10
inj1cnrvy7ezt9u558wnt4pcuupjs8qwfgqyj3gpn6;10
inj1eg0u3nk27vgqppvnqc0ey47wgqz9h5ta5r9luv;10
inj1ludp4glcrxrvay60g2lysjy2dlwm8zr56zkej8;10
inj1jlfpjc6pttj0rqx0h3x7ssflwm3wncj7dmukuc;10
inj1jf5fludsxgavkdh0nus8jrgd2vh4pk64hhz4r9;10
inj1w7dl2m0rndg7xn954njdtltmxyn6sg505dv3zv;10
inj1mu6e0h42rzewgmvdq52dnrc22lncww7ff3vapv;10
inj1aluuzkew6trw6n0h9kvgergm79jhw4m47acsqe;10
inj1tfp4vzungc4k6mlufkct6v74pz0h0quns6prdz;10
inj16elzfqdg3jpndc0qx4ce35e70vk28f92adsxyw;10
inj1jj5mx2m2cvaa9vl3rf8rrfjzt7lzz9cwnztvp5;10
inj1ne8npnlzadg2jsce5gf8spc7t7ga8kc57teqj6;10
inj1h45kezjde4pq47p3upaw4han6uyhgjd7yydgc8;10
inj1e8hsv9srtflhamzjhld86dr67zuw8m6mwghh4d;10
inj1zu3dug9fyl83nqac4xtsephdg8pml2gw6ag4l9;10
inj1vsq6hax0x5vjlamtgrc2cxfhugwz9jhf0g08t9;10
inj1fcyfqmwqlflgpka0q970l7jdnxma992a5392vj;10
inj1shd4kpd02905sgtgkrfqmk842gw96fgttlvjna;10
inj1kk7fyk40ty8nh37pynuh7c00t5hsy5p6sp8g2z;10
inj17gvlxyf4pfwqtj2hpvs2ck3z4new3wza5zk8q4;10
inj1fmym5wdue7t0hd95m3kyuha0cmq3j64ttp09wu;10
inj1vnfwmr8mqt6e9nz203e4n6wgcyzd9gah0wphct;10
inj18v0td6klgnepc72mpl2kha5yhd49hn3j70wm2q;10
inj10jgnjwvqtdtq2hunkptfkyt08cyu76e8h8g39v;10
inj12wzxylp2m9xa62al5egt9uajfc5u8v0hn9nsuf;10
inj1njn52f5wfxnt2def58crn0357n9zj9h755uw4x;10
inj1t86h82chz49j6yf9g9c78e87chw2mf6le550dg;10
inj1agrgvxvx7up6jhqy7y2rpuelj6fuxgxe9hw3k5;10
inj1f3eze845vkvpp0zemhzjplel2dztm0hv7ke04u;10
inj1djlcfuqhl9z0qkg3nm6gwr80ljpm7ua030hxf6;10
inj1e6f9gs380a6trzf7ruwllewslesmdrsakjjcw6;10
inj1zp3hfgrerucaahsqlukxr5vqq9n2dmlahksmdr;10
inj1smdvt3h4jn37g7he3fuymg46tnxrdp6ddu4e4k;10
inj1agme67zy0avwq03m8l6w603fkdfxlyc0p8q22j;10
inj1g0kf0xvsk590z2gwl7uj94xnyss4794edlwpra;10
inj17etg2fqlze8gz45dysd79cv248m3fy038d5h7n;10
inj1k3f0c6pcuxvmqcmsqfrmxuqnuu8acw6vwlednw;10
inj1axuyxa40hunwgf85w4fu2d7drgx3dfle30t3sm;10
inj1vdfxhmm7a6xvnscplxkzu808nujyll2s3k9dp9;10
inj1xqn24ezej4qfkfqdlcv5z4a669dfvvfqdr3qhr;10
inj1aq0nqyvl7yd5c5yjyvu5073xdxclur428ccpnn;10
inj1t4tfxrm6xfnh90nxq8kkayng5afw363akmpag6;10
inj1ne8zr06fhnx7047zqyjlv9rlcz0vc7hgnq36fx;10
inj12knmrnjyz55mwkkn06c0th245z5rcrqz8y8dt2;10
inj18n7ur5k753kc6h3nk8nn645s50vul8nar6u73c;10
inj1klx88sa430y24n5nqmxl2hdkghupk0uwqvsxja;10
inj1yx4v5vhq026hp2gd8men24365wmef2eq59pe0e;10
inj10a8ralew7jup7w02j64xgca3apdlqzhnhu9azj;10
inj1zuelw8ppcktuahclvvp5mppczuxa2t2u7kae6j;10
inj1885rv06hhg0xd0mek3v4h5a0vdgcj68tc58vku;10
inj1y5u2l5kus0nm50yxrzqmz7egkc7nq80gxvn5fu;10
inj190jfymcydz3y7r64m8yqhj7g255x6w8l8l4fkc;10
inj1kexe95n04yuhce9238mlf3c5ut0xnmkfr4wslq;10
inj1nzv9jyfv58688h3d7jjnm644h40k92s37c2kra;10
inj1v7uuv7ctd82z7dlvmeh87n5wnr4h8h736ydmqq;10
inj1rjnstv66wfupy9zvsdz940tctuyczlyd9q8wxy;10
inj1vza5t0v02nhynpr9yrzr70srhrlcgm9c98s95n;10
inj1pknm8sc0eqng48v5sx6nwmcadqwyj9xxtgz8dq;10
inj166d5pd6kdfkvqwek93zchuwrla53tlc6fz8gtl;10
inj17vzmzq37ee4we72wwevk5xm6q3tmera5dc0hk9;10
inj1kdy0vtnsfgmfxl8r2uhdqvnnx9n4y20kndummz;10
inj1yyk9mg6ygm8erk8agk297w58epjkr0ywmh05cn;10
inj1whc90pqq9spfvxnskkm2rmtlmqzueer3ds2r8v;10
inj1g8lu8a3ywqtsumgs8m473rz7ayd7ep68pa2xa5;10
inj1v2j5szja02pz7r6pqyqwy3as7c247rs3m4mmtv;10
inj1ye7kfc6j56n8vnnjvq2t3n03hlfqycw8s063p7;10
inj1v7srsnf0t6693va5khjft4qxxzykhlrssrr5e0;10
inj1f04el5nve052rrup9w0txwhk4nzyqsaxgcdm0z;10
inj143v9eavg3aa2t43wrjffv2s2h6dhk0q9m4eh20;10
inj1rxym4kesu7092w4sedv86gef6rcmp56f33sjp3;10
inj1fdjwunjraw54rsswkf2ld3hehjdr00ur7g42dp;10
inj1puet6luanfwtww0qdw6zj8jdue0s9qq26sv4ry;10
inj1xpc7l2k9l7mqyctdqjpt37wwfc7gqj7nt3vhy4;10
inj1q5y7mnel93qx7sjyag3f6s03g84qxvqrwgkv8v;10
inj1wq3fjqqgs6u2alwk2zfaptfyxzr2nl6evn5qmr;10
inj1cxszldwwfr33s30grxjt836rlrsda08kqruca5;10
inj1jvjqwvv3ummamtrd6ddn6rw2hll3rztus470e3;10
inj1329qr9ekftv8a0kh8asf6eujmwdp33ukj8vyt6;10
inj1s72j72yu9s4y7l8nuc6cd5ymhqu98tzkw5qkt0;10
inj1gzfx6xuxc8qze7nssd2pkg43wun6m09uadxgr3;10
inj1utk5q6dcy7jwe005wemam2ynrk7rggap7thzc4;10
inj1vu86levrrylstm6rv3dc2szhge5eudpgnpaqm8;10
inj125fkz3mq6qxxpkmphdl3ep92t0d3y969raza70;10
inj1maeyvxfamtn8lfyxpjca8kuvauuf2qeu6gtxm3;10
inj1fn7q96dr5vturewuedzvqfsufh89r7lup40kjt;10
inj15znjfvf39wnumukhem7cazmpqsz3c404zzt3wj;10
inj1rplvyflpusk8jjj6dlj0tc37g0nru6xpv94pmv;10
inj134s9cecdt9undpknnplz9ulc2c3vktrat2z4fk;10
inj1jyrqzdzgc2a590kezdjxp5605ycl6spcncv0az;10
inj1qfsm0wk9z5c3rsa4ymj440qlter3c47qfyez37;10
inj10prlvfaqg32wxf2na4f08u4nkfp54wac5jugf0;10
inj1cmkfhk63ma5kc4f6jf6586negp8v4pcydcznj5;10
inj1q0zzg5kl7rwjjrwz74qsclc0wsedyclxj4pph2;10
inj17u4r85xwuqdk27e862f4q49l784tts5gh2kfr7;10
inj1en4mpfud040ykmlneentdf77ksa3usjcgw9hax;10
inj14q98wv7a2lwwwyvxjty8z430jmj2xxk93yuzwx;10
inj195g9n9daldjp9kuc773c6hc69u0rq0hpek0f62;10
inj1ud6unz4jwrcu34xw92ytxswzew605x6amlnpaq;10
inj14sr7vx0r5lgafwsawcrpygtnwtqyz3s355h30y;10
inj1f6k8egt5wamzc8kr4c0jyadggeg4l5xpfl3958;10
inj1lafn933xgrcf52l3eqa6jm8uaknv6zkz2zvejd;10
inj16n9a63y6p0a0j4380tsj9m9lju04pevagsufra;10
inj1uhu8syxc3f820qpszgg09szlkey8fcuyhv3msq;10
inj1rvlk7wj48ny5mrjl0m8uqlxjfpdspkhdhmau4u;10
inj1yaxlcml9uxkafv6uktrdy4p0n8wrw0tw54vv72;10
inj1euc28fquqhm8pu9zkeea5tcymdvgsdt3ht205l;10
inj15kvf3pu8erkqaxme4hr9hzx2g7qmelhzmh8mgq;10
inj17665jkq3ldxcreuv4xteatqe4elhw0d7dvazpg;10
inj15fh29gtt06m3q8juwqtuchw70u8kfvfcshygp4;10
inj15uzvsfvpggy9mec88m5es9yr73utsdvv25hcq5;10
inj10nctemngxwk4mf4lfueuekldkpn36zu3klv8qx;10
inj1eyytpfglz9cv5r0ey22jpt0nkgfh68u6tcenr3;10
inj10k5surur7nzu3z9q0f309hpsvw8ek7lsltfswm;10
inj13djw08g8kwkewvqaxhsv44pa28tchq0lduvaw0;10
inj1asn7fvf69z0qaywrv40pk9ua5p698662tsxgst;10
inj1gv3803m9c38rwvyc9297r5xyc444tjd9l6wa98;10
inj1jufkeedk9k093ry3euq8rmn7g59ft5wr2hcxzj;10
inj1tq4njzg0ew9dz7dkeztz2qy0se8qr6paah2pxn;10
inj1gjdk59c24xvd079244e43rl64fknpz4t55y7lf;10
inj1y6mtmakzp82tvja3z4q7dlyw0hc6wf64ugtegz;10
inj1qrsqhw2luj5e8jl0mkvrdajep09addc20yl9k8;10
inj1f9ar0pj3s4x5qdcsj2m6kqd73yjzs3eqstaqw6;10
inj1qv2zegdydsxzgu5h8kyjkw0dc8x09xzyngvj2g;10
inj1ataj7m329yv5t4fmpjlar7m6gq553yfpmn6yt3;10
inj1y3kva92y232hlvr2fysuuyklqlxxsy4kpzefs5;10
inj1085x5gk2m8kf0rk4sdca7qc8dddzhf2q9tvy80;10
inj1mxvpwx63mm09hdpqy28cefhrf8d0pltzcyrlay;10
inj1sq354z0s4ea5uunpxtxh76wmquhny2myvnluw0;10
inj1sr3gl7t52k4pj9vz2ftr7nqlqe994gur65uzd0;10
inj1elcmm8rn2d3q2fdwq28yzjw64fxffmql952f27;10
inj1kz9atq3am4gzalrudjp8jehch3dqw5u9wfj953;10
inj1x3a07gpjjgmm623nyq8xfcxm5nm7z9p6qkhgst;10
inj12udfj9rwf2tun2m6akcs4kx9eh0qpqhgmn99qz;10
inj1dl733w29jkedk9p55yhwut4atghpe543tyjjl8;10
inj1jaacsfxvmfcr05tycf44p90w9rspvwcx0h0w83;10
inj14a7mhqrasz689q0dv6q3l00j4jeuw78c4utmsw;10
inj17wc7q26drs37f9gu2nngd0ecdjfherkjmln0h2;10
inj14msa0vkvm36dtlky3gef93sve50vakue45lqpn;10
inj1kp6glqvmme9709kkph8rluczsjvltqv3ug0dms;10
inj1f7xdkwfjwky29vg7mn4u2rxpxq42sl86l5ve65;10
inj1h57tjdxf7a0hqkp7suprpwt2wqvv4zssuvxv57;10
inj1zhr64g8l3dpcreya67vyp0glvfq3k0fvcn6qz3;10
inj1uqspv66uyd3fea67lxg37jzueem4llx352a4wn;10
inj17vytdwqczqz72j65saukplrktd4gyfme5agf6c;10
inj1ealtj425el9khmgzrn0l8ehnj4d9m7jg6y9xl4;10
inj1dt239z000tfkyyut3t99pt2mww6r78vn5d6ak5;10
inj1vjxssrnfhft2ftulkfdz04w766tc3ddaynuz6d;10
inj1wganpxqcvgnluwyhed7p2f07jym877qfly6gxv;10
inj1ttvcp26fe2jrav6x3j304yfmysk4djcsypzkmu;10
inj1qhjg7s604ywn57gjgpn2s23kl8v6pymr492a64;10
inj1gny06l3yvv4nfwcky6khyxqawd6c9h2h0jyh27;10
inj1r6qq5rudltslmmecc0jhlatgzu7t689h9m5js5;10
inj155m30pv5nsruzxtsqr95mnvk5lmfm2xrwwd0t3;10
inj1myy9ch5lnxzs9gmj7w7lpfun52fvn2k4gxz8q2;10
inj10mt4f2ad4ldcrlytfsndz7yxrk7l4nwstqnkjn;10
inj1urhztxmmkjf366a6agl2udtwy3mhvar9e78x36;10
inj1el3mtgr3fwegtkncngrjqq5cs84929nxr0ma98;10
inj1e040kths62gua9uc7fk260wygehuhkddrcphm4;10
inj125hkz7z9vltsz8anggtturl3yhkgls2padlut6;10
inj12ukfelltuw0m8tv959djznrsp3rs8egjxj3xpa;10
inj1nuql0ldeh9mm7fnfa2s3epe0cjj6ktmrxxq5ln;10
inj1nevjqfxhr98ywsswlczpx3a5nx9gyf4r6fpyk5;10
inj1mvqvmqaz2uszleqqq5uvc85p0ulvplvwg7jrus;10
inj1zvag2sv8dzu0cxemwnscdmy3z34x5fpafzk4xx;10
inj1wrg337mv9jkqjxktwzsvetq6lar3gyfj9rfw5f;10
inj1c6gugwg3wtjqp3huext47lqlhy0ersnzs29nrh;10
inj15gvntcmhw4zs6dvunaglf4dlsjtapfftyhcz70;10
inj12f2zvxyqd0t7m2jqevu36cml0r47jwt8mgfyyq;10
inj1exl5s7rc7wt597uckqgyx2t78py4j84va2llzn;10
inj1kx4awvlnvufhve6xp6uzrxymadmavzfetyfwgj;10
inj1gcs5kdkkcd0a4rgpsxmvj3ku7pytkws8lsf56p;10
inj14pvev0xtnhe5fepzd9u9cns4z5pp6le34eqhcl;10
inj1eykuyj2ryl6cj4ved65wehyuf5wrjfkwrd48rd;10
inj1e9yadlxxp04katy4cm064smrjv0653s47lcscs;10
inj1rtcuk77k5y2g9wam0ene7fkkrv9z9mrlc3t3r5;10
inj1qa8yqrhsc9aadyvw4t2gqtwnuwj4duywzdk2u8;10
inj1cq6lyfyecf4qktr350w32hx5kyc4gz4t9tq06d;10
inj18mhn4m02k6l5xqr08nahzta4mtykwz7h6ahk7z;10
inj198sf6jmud83xm5t7kz4gyzmz3hmvm8vwzdvkwl;10
inj14mcupuwrtgh9guzrt20kl7hmam6nnqshpnetwq;10
inj1zy0na73wk6advhgqqtr0w0x8xrg7yp6a5l5pck;10
inj1yhf44h2ya6n9j2uky979yc7mn05cxa3jp7rmw8;10
inj1ywyu4pjm2m4qkj34sqeggs6623l6tqzhz25tl6;10
inj167jjzvljfadzz48vgusga74wvcz9a8wqwsz4ay;10
inj164l58lsy3ny3jz4mq6t8vshj7c0nss80llzy8f;10
inj1g547y3zwe24z3y8mnk64ecg7vqlhvzwkm77kms;10
inj1tdfyct0jnzawnsgw05y45q2490c0hv0ux5rd4j;10
inj1ektz2fwa4y0eu2mlxsypujd96h3ngyqqrscq6p;10
inj1c6sety0asxjqkqfmdy72ku3xjymny4jwuuqfjs;10
inj1supx6mqffwkcfg43ua3uv59qtvxl4cnyfw3ze9;10
inj1exlz3msjnxe7re0u2dtgxaqu7zq3ar29amnpkz;10
inj1cqw76g73gnfvs9zgxcmd2ukqu9hwlux79mtsgd;10
inj1pqyup2phu8mqhf8fsyqgv9h8w88lxenvsunz45;10
inj1qydlxw6kfjc3zytnwhvet4fp3lgpunwa09lspt;10
inj13gzp3v4x508lyy6s2nv92zap0k5sktvjy4k3kn;10
inj18lsgyaswzwxzg7dzmjjwvfdqjavfqafg34dhyw;10
inj12x2awepzsyrff6nlcru5fre3wf9xa7t7estqz2;10
inj19u9g8hmdsz5ml23hw8qee45e5rywunkqdp9829;10
inj1yr7pmmkw9a7hmqlhhmcu04a94kussc8n3xumv7;10
inj1wemhsdzszw76wsq4rc9ua83d95zcaecqyzuj56;10
inj1xdh98j0f3lq0spme0se4rqvwgnj2uzwla5220d;10
inj17dzrklyyt0fhhme76hdm6064dphdu9ms2mswtx;10
inj1fv9waafvrheue04hx5kzrsxgcthvf4mj2pr2sh;10
inj1vt39v9wycj00x8u425pa4m7k5y2t62cv068cel;10
inj1yxpwwutr5929a9y0jmjlwgz9gc26r6y87ytsas;10
inj1p2pmnyp4p87fmd6h7qeqfnverntwz9766rn8kr;10
inj1terzsaq7tdjfw8uvx88tjtf3hwhha7qanyxsku;10
inj1c5rpw0ek7ug8q88tc637cq2c3xtsvuw9qtzq0j;10
inj1hsnl5du2lc8x8ncxd62ghz4p6vrlh8r7s703pt;10
inj18y6ysl4pfq4mulz2cyprp8fkgnsum4f6sucnh0;10
inj1gf5kgcy2zjgkrjnyt4zdajucsx95e7ce2lz0c2;10
inj1hwvmjqvmcmyw767zd6j2vx5mw725g7tmn690t0;10
inj164egly796vurvn8sz230y5vt6smduppz62ed5t;10
inj1u0crwg3w50ja7ldzxw2xr036ac3eng3n0ten69;10
inj12f92gjp7pvf7wqynn7dg32hzhp43txm9cjwtvd;10
inj1j4qv9jzdfs98hjle4qh7fkp7yvzxuu3tce4zse;10
inj18d3n56ezuk4wz3mcjlvq3n4956rc7nlhz4xelh;10
inj1mj839lzkt24z2ye7h0k8mplnealnx55l0azuaq;10
inj1ltdtnchuvllmj8y5ux3twvkcchd3zs53f6s2nr;10
inj1vy8yh80mqsg4a9sxlqc2ppdrph3peflvdfr4u2;10
inj12quydu7ttfjyuz3nm5nqe6a4rqlgrhcez5c6la;10
inj18hwkkrnfpc9f8ghdz7tcuugtamzp2r89s6rspe;10
inj1qz4v0y9a992eavyh6zpy2zp9f8drd6xywsf88s;10
inj1ehaxfm4mhnn5lpe0wd0wllts8qrtw067qp6t0x;10
inj1hpmdd8dntlne25kggzxxcl5m32d255kekeflvj;10
inj12ue0rw854ny4urlvcnk2qjdffvfapjsg0mjk49;10
inj1duy5fnvr3uene3tt5hm3hwz0fpac8ha9luzfx4;10
inj1f86h2cd3ym7gqrxdp35lsqvtcmur095rvnnuhd;10
inj14lw2kjdq8ftx9vp69t43tkt2fnvy28uuetd782;10
inj14d96xhu9xaysq8pd5ss8cgnu7287d6fn8nhsu0;10
inj1q72yccplv37j3ul0rh5c62tv8ht9rteptwjsvs;10
inj1a9hcty7aydv307n4f3t023yc0ehrnhqtzty2lm;10
inj13sq0492m98lv6jezvgqpdfcmcfeznk3cz9xhfn;10
inj1wkf63947sdxq2hzdu6xqqz85xkqcyp3lffeanr;10
inj1zcykk3tkn3uhx74rmrzymcyjdg5p6dup0p27qh;10
inj1af5vhqkdk3s0jsr4p0rhd3m9d5zpzphama5ska;10
inj1pvjdkx048ua40j565fn935fax88qvtrha76krl;10
inj1fc4jx8g2ce8vevjjk8vfhxatj2hjrryf48dfhg;10
